CREATE DATABASE  IF NOT EXISTS `reliquery` /*!40100 DEFAULT CHARACTER SET utf8 */;
USE `reliquery`;
-- MySQL dump 10.13  Distrib 5.7.9, for Win64 (x86_64)
--
-- Host: 127.0.0.1    Database: reliquery
-- ------------------------------------------------------
-- Server version	5.7.11-log

/*!40101 SET @OLD_CHARACTER_SET_CLIENT=@@CHARACTER_SET_CLIENT */;
/*!40101 SET @OLD_CHARACTER_SET_RESULTS=@@CHARACTER_SET_RESULTS */;
/*!40101 SET @OLD_COLLATION_CONNECTION=@@COLLATION_CONNECTION */;
/*!40101 SET NAMES utf8 */;
/*!40103 SET @OLD_TIME_ZONE=@@TIME_ZONE */;
/*!40103 SET TIME_ZONE='+00:00' */;
/*!40014 SET @OLD_UNIQUE_CHECKS=@@UNIQUE_CHECKS, UNIQUE_CHECKS=0 */;
/*!40014 SET @OLD_FOREIGN_KEY_CHECKS=@@FOREIGN_KEY_CHECKS, FOREIGN_KEY_CHECKS=0 */;
/*!40101 SET @OLD_SQL_MODE=@@SQL_MODE, SQL_MODE='NO_AUTO_VALUE_ON_ZERO' */;
/*!40111 SET @OLD_SQL_NOTES=@@SQL_NOTES, SQL_NOTES=0 */;

--
-- Table structure for table `item_parts`
--

DROP TABLE IF EXISTS `item_parts`;
/*!40101 SET @saved_cs_client     = @@character_set_client */;
/*!40101 SET character_set_client = utf8 */;
CREATE TABLE `item_parts` (
  `id` int(11) NOT NULL AUTO_INCREMENT,
  `item_id` int(11) NOT NULL,
  `name` varchar(50) NOT NULL,
  `created_at` timestamp NULL DEFAULT CURRENT_TIMESTAMP,
  `updated_at` timestamp NULL DEFAULT CURRENT_TIMESTAMP,
  PRIMARY KEY (`id`),
  UNIQUE KEY `id_UNIQUE` (`id`),
  KEY `fk_item_id_idx` (`item_id`),
  CONSTRAINT `fk_item_id` FOREIGN KEY (`item_id`) REFERENCES `items` (`id`) ON DELETE CASCADE ON UPDATE NO ACTION
) ENGINE=InnoDB AUTO_INCREMENT=169 DEFAULT CHARSET=utf8;
/*!40101 SET character_set_client = @saved_cs_client */;

--
-- Dumping data for table `item_parts`
--

LOCK TABLES `item_parts` WRITE;
/*!40000 ALTER TABLE `item_parts` DISABLE KEYS */;
INSERT INTO `item_parts` VALUES (1,1,'Akbronco Prime Blueprint','2017-04-02 07:59:27','2017-04-02 07:59:27'),(2,1,'Akbronco Prime Link','2017-04-02 07:59:27','2017-04-02 07:59:27'),(3,2,'Aklex Prime Blueprint','2017-04-02 07:59:27','2017-04-02 07:59:27'),(4,2,'Aklex Prime Link','2017-04-02 07:59:27','2017-04-02 07:59:27'),(5,3,'Akstiletto Prime Blueprint','2017-04-02 07:59:27','2017-04-02 07:59:27'),(6,3,'Akstiletto Prime Barrel','2017-04-02 07:59:27','2017-04-02 07:59:27'),(7,3,'Akstiletto Prime Link','2017-04-02 07:59:27','2017-04-02 07:59:27'),(8,3,'Akstiletto Prime Receiver','2017-04-02 07:59:27','2017-04-02 07:59:27'),(9,4,'Ash Prime Blueprint','2017-04-02 07:59:27','2017-04-02 07:59:27'),(10,4,'Ash Prime Chassis Blueprint','2017-04-02 07:59:27','2017-04-02 07:59:27'),(11,4,'Ash Prime Neuroptics Blueprint','2017-04-02 07:59:27','2017-04-02 07:59:27'),(12,4,'Ash Prime Systems Blueprint','2017-04-02 07:59:27','2017-04-02 07:59:27'),(13,5,'Banshee Prime Blueprint','2017-04-02 07:59:27','2017-04-02 07:59:27'),(14,5,'Banshee Prime Chassis Blueprint','2017-04-02 07:59:27','2017-04-02 07:59:27'),(15,5,'Banshee Prime Neuroptics Blueprint','2017-04-02 07:59:27','2017-04-02 07:59:27'),(16,5,'Banshee Prime Systems Blueprint','2017-04-02 07:59:27','2017-04-02 07:59:27'),(17,6,'Boar Prime Blueprint','2017-04-02 07:59:27','2017-04-02 07:59:27'),(18,6,'Boar Prime Barrel','2017-04-02 07:59:27','2017-04-02 07:59:27'),(19,6,'Boar Prime Receiver','2017-04-02 07:59:27','2017-04-02 07:59:27'),(20,6,'Boar Prime Stock','2017-04-02 07:59:27','2017-04-02 07:59:27'),(21,7,'Braton Prime Blueprint','2017-04-02 07:59:27','2017-04-02 07:59:27'),(22,7,'Braton Prime Barrel','2017-04-02 07:59:27','2017-04-02 07:59:27'),(23,7,'Braton Prime Receiver','2017-04-02 07:59:27','2017-04-02 07:59:27'),(24,7,'Braton Prime Stock','2017-04-02 07:59:27','2017-04-02 07:59:27'),(25,8,'Bronco Prime Blueprint','2017-04-02 07:59:27','2017-04-02 07:59:27'),(26,8,'Bronco Prime Barrel','2017-04-02 07:59:27','2017-04-02 07:59:27'),(27,8,'Bronco Prime Receiver','2017-04-02 07:59:27','2017-04-02 07:59:27'),(28,9,'Burston Prime Blueprint','2017-04-02 07:59:27','2017-04-02 07:59:27'),(29,9,'Burston Prime Barrel','2017-04-02 07:59:27','2017-04-02 07:59:27'),(30,9,'Burston Prime Receiver','2017-04-02 07:59:27','2017-04-02 07:59:27'),(31,9,'Burston Prime Stock','2017-04-02 07:59:27','2017-04-02 07:59:27'),(32,10,'Carrier Prime Blueprint','2017-04-02 07:59:27','2017-04-02 07:59:27'),(33,10,'Carrier Prime Carapace','2017-04-02 07:59:27','2017-04-02 07:59:27'),(34,10,'Carrier Prime Cerebrum','2017-04-02 07:59:27','2017-04-02 07:59:27'),(35,10,'Carrier Prime Systems','2017-04-02 07:59:27','2017-04-02 07:59:27'),(36,11,'Cernos Prime Blueprint','2017-04-02 07:59:27','2017-04-02 07:59:27'),(37,11,'Cernos Prime Grip','2017-04-02 07:59:27','2017-04-02 07:59:27'),(38,11,'Cernos Prime Lower Limb','2017-04-02 07:59:27','2017-04-02 07:59:27'),(39,11,'Cernos Prime String','2017-04-02 07:59:27','2017-04-02 07:59:27'),(40,11,'Cernos Prime Upper Limb','2017-04-02 07:59:27','2017-04-02 07:59:27'),(41,12,'Dakra Prime Blueprint','2017-04-02 07:59:27','2017-04-02 07:59:27'),(42,12,'Dakra Prime Blade','2017-04-02 07:59:27','2017-04-02 07:59:27'),(43,12,'Dakra Prime Handle','2017-04-02 07:59:27','2017-04-02 07:59:27'),(44,13,'Dual Kamas Prime Blueprint','2017-04-02 07:59:27','2017-04-02 07:59:27'),(45,13,'Dual Kamas Prime Blade','2017-04-02 07:59:27','2017-04-02 07:59:27'),(46,13,'Dual Kamas Prime Handle','2017-04-02 07:59:27','2017-04-02 07:59:27'),(47,14,'Ember Prime Blueprint','2017-04-02 07:59:27','2017-04-02 07:59:27'),(48,14,'Ember Prime Chassis Blueprint','2017-04-02 07:59:27','2017-04-02 07:59:27'),(49,14,'Ember Prime Neuroptics Blueprint','2017-04-02 07:59:27','2017-04-02 07:59:27'),(50,14,'Ember Prime Systems Blueprint','2017-04-02 07:59:27','2017-04-02 07:59:27'),(51,15,'Euphona Prime Blueprint','2017-04-02 07:59:27','2017-04-02 07:59:27'),(52,15,'Euphona Prime Barrel','2017-04-02 07:59:27','2017-04-02 07:59:27'),(53,15,'Euphona Prime Receiver','2017-04-02 07:59:27','2017-04-02 07:59:27'),(54,16,'Fang Prime Blueprint','2017-04-02 07:59:27','2017-04-02 07:59:27'),(55,16,'Fang Prime Blade','2017-04-02 07:59:27','2017-04-02 07:59:27'),(56,16,'Fang Prime Handle','2017-04-02 07:59:27','2017-04-02 07:59:27'),(57,17,'Fragor Prime Blueprint','2017-04-02 07:59:27','2017-04-02 07:59:27'),(58,17,'Fragor Prime Handle','2017-04-02 07:59:27','2017-04-02 07:59:27'),(59,17,'Fragor Prime Head','2017-04-02 07:59:27','2017-04-02 07:59:27'),(60,18,'Frost Prime Blueprint','2017-04-02 07:59:27','2017-04-02 07:59:27'),(61,18,'Frost Prime Chassis Blueprint','2017-04-02 07:59:27','2017-04-02 07:59:27'),(62,18,'Frost Prime Neuroptics Blueprint','2017-04-02 07:59:28','2017-04-02 07:59:28'),(63,18,'Frost Prime Systems Blueprint','2017-04-02 07:59:28','2017-04-02 07:59:28'),(64,19,'Galatine Prime Blueprint','2017-04-02 07:59:28','2017-04-02 07:59:28'),(65,19,'Galatine Prime Blade','2017-04-02 07:59:28','2017-04-02 07:59:28'),(66,19,'Galatine Prime Handle','2017-04-02 07:59:28','2017-04-02 07:59:28'),(67,20,'Glaive Prime Blueprint','2017-04-02 07:59:28','2017-04-02 07:59:28'),(68,20,'Glaive Prime Blade','2017-04-02 07:59:28','2017-04-02 07:59:28'),(69,20,'Glaive Prime Disc','2017-04-02 07:59:28','2017-04-02 07:59:28'),(70,21,'Helios Prime Blueprint','2017-04-02 07:59:28','2017-04-02 07:59:28'),(71,21,'Helios Prime Carapace','2017-04-02 07:59:28','2017-04-02 07:59:28'),(72,21,'Helios Prime Cerebrum','2017-04-02 07:59:28','2017-04-02 07:59:28'),(73,21,'Helios Prime Systems','2017-04-02 07:59:28','2017-04-02 07:59:28'),(74,22,'Hikou Prime Blueprint','2017-04-02 07:59:28','2017-04-02 07:59:28'),(75,22,'Hikou Prime Pouch','2017-04-02 07:59:28','2017-04-02 07:59:28'),(76,22,'Hikou Prime Stars','2017-04-02 07:59:28','2017-04-02 07:59:28'),(77,23,'Kavasa Prime Band','2017-04-02 07:59:28','2017-04-02 07:59:28'),(78,23,'Kavasa Prime Buckle','2017-04-02 07:59:28','2017-04-02 07:59:28'),(79,23,'Kavasa Prime Kubrow Collar Blueprint','2017-04-02 07:59:28','2017-04-02 07:59:28'),(80,24,'Latron Prime Blueprint','2017-04-02 07:59:28','2017-04-02 07:59:28'),(81,24,'Latron Prime Barrel','2017-04-02 07:59:28','2017-04-02 07:59:28'),(82,24,'Latron Prime Receiver','2017-04-02 07:59:28','2017-04-02 07:59:28'),(83,24,'Latron Prime Stock','2017-04-02 07:59:28','2017-04-02 07:59:28'),(84,25,'Lex Prime Blueprint','2017-04-02 07:59:28','2017-04-02 07:59:28'),(85,25,'Lex Prime Barrel','2017-04-02 07:59:28','2017-04-02 07:59:28'),(86,25,'Lex Prime Receiver','2017-04-02 07:59:28','2017-04-02 07:59:28'),(87,26,'Mag Prime Blueprint','2017-04-02 07:59:28','2017-04-02 07:59:28'),(88,26,'Mag Prime Chassis Blueprint','2017-04-02 07:59:28','2017-04-02 07:59:28'),(89,26,'Mag Prime Neuroptics Blueprint','2017-04-02 07:59:28','2017-04-02 07:59:28'),(90,26,'Mag Prime Systems Blueprint','2017-04-02 07:59:28','2017-04-02 07:59:28'),(91,27,'Nekros Prime Blueprint','2017-04-02 07:59:28','2017-04-02 07:59:28'),(92,27,'Nekros Prime Chassis Blueprint','2017-04-02 07:59:28','2017-04-02 07:59:28'),(93,27,'Nekros Prime Neuroptics Blueprint','2017-04-02 07:59:28','2017-04-02 07:59:28'),(94,27,'Nekros Prime Systems Blueprint','2017-04-02 07:59:28','2017-04-02 07:59:28'),(95,28,'Nikana Prime Blueprint','2017-04-02 07:59:28','2017-04-02 07:59:28'),(96,28,'Nikana Prime Blade','2017-04-02 07:59:28','2017-04-02 07:59:28'),(97,28,'Nikana Prime Hilt','2017-04-02 07:59:28','2017-04-02 07:59:28'),(98,29,'Nova Prime Blueprint','2017-04-02 07:59:28','2017-04-02 07:59:28'),(99,29,'Nova Prime Chassis Blueprint','2017-04-02 07:59:28','2017-04-02 07:59:28'),(100,29,'Nova Prime Neuroptics Blueprint','2017-04-02 07:59:28','2017-04-02 07:59:28'),(101,29,'Nova Prime Systems Blueprint','2017-04-02 07:59:28','2017-04-02 07:59:28'),(102,30,'Nyx Prime Blueprint','2017-04-02 07:59:28','2017-04-02 07:59:28'),(103,30,'Nyx Prime Chassis Blueprint','2017-04-02 07:59:28','2017-04-02 07:59:28'),(104,30,'Nyx Prime Neuroptics Blueprint','2017-04-02 07:59:28','2017-04-02 07:59:28'),(105,30,'Nyx Prime Systems Blueprint','2017-04-02 07:59:28','2017-04-02 07:59:28'),(106,31,'Odonata Prime Blueprint','2017-04-02 07:59:28','2017-04-02 07:59:28'),(107,31,'Odonata Prime Harness Blueprint','2017-04-02 07:59:28','2017-04-02 07:59:28'),(108,31,'Odonata Prime Systems Blueprint','2017-04-02 07:59:28','2017-04-02 07:59:28'),(109,31,'Odonata Prime Wings Blueprint','2017-04-02 07:59:28','2017-04-02 07:59:28'),(110,32,'Orthos Prime Blueprint','2017-04-02 07:59:28','2017-04-02 07:59:28'),(111,32,'Orthos Prime Blade','2017-04-02 07:59:28','2017-04-02 07:59:28'),(112,32,'Orthos Prime Handle','2017-04-02 07:59:28','2017-04-02 07:59:28'),(113,33,'Paris Prime Blueprint','2017-04-02 07:59:28','2017-04-02 07:59:28'),(114,33,'Paris Prime Grip','2017-04-02 07:59:28','2017-04-02 07:59:28'),(115,33,'Paris Prime Lower Limb','2017-04-02 07:59:28','2017-04-02 07:59:28'),(116,33,'Paris Prime String','2017-04-02 07:59:28','2017-04-02 07:59:28'),(117,33,'Paris Prime Upper Limb','2017-04-02 07:59:28','2017-04-02 07:59:28'),(118,34,'Reaper Prime Blueprint','2017-04-02 07:59:28','2017-04-02 07:59:28'),(119,34,'Reaper Prime Blade','2017-04-02 07:59:28','2017-04-02 07:59:28'),(120,34,'Reaper Prime Handle','2017-04-02 07:59:28','2017-04-02 07:59:28'),(121,35,'Saryn Prime Blueprint','2017-04-02 07:59:28','2017-04-02 07:59:28'),(122,35,'Saryn Prime Chassis Blueprint','2017-04-02 07:59:28','2017-04-02 07:59:28'),(123,35,'Saryn Prime Neuroptics Blueprint','2017-04-02 07:59:28','2017-04-02 07:59:28'),(124,35,'Saryn Prime Systems Blueprint','2017-04-02 07:59:28','2017-04-02 07:59:28'),(125,36,'Scindo Prime Blueprint','2017-04-02 07:59:28','2017-04-02 07:59:28'),(126,36,'Scindo Prime Blade','2017-04-02 07:59:28','2017-04-02 07:59:28'),(127,36,'Scindo Prime Handle','2017-04-02 07:59:28','2017-04-02 07:59:28'),(128,37,'Sicarus Prime Blueprint','2017-04-02 07:59:28','2017-04-02 07:59:28'),(129,37,'Sicarus Prime Barrel','2017-04-02 07:59:28','2017-04-02 07:59:28'),(130,37,'Sicarus Prime Receiver','2017-04-02 07:59:28','2017-04-02 07:59:28'),(131,38,'Soma Prime Blueprint','2017-04-02 07:59:28','2017-04-02 07:59:28'),(132,38,'Soma Prime Barrel','2017-04-02 07:59:28','2017-04-02 07:59:28'),(133,38,'Soma Prime Receiver','2017-04-02 07:59:28','2017-04-02 07:59:28'),(134,38,'Soma Prime Stock','2017-04-02 07:59:28','2017-04-02 07:59:28'),(135,39,'Spira Prime Blueprint','2017-04-02 07:59:28','2017-04-02 07:59:28'),(136,39,'Spira Prime Blade','2017-04-02 07:59:28','2017-04-02 07:59:28'),(137,39,'Spira Prime Pouch','2017-04-02 07:59:28','2017-04-02 07:59:28'),(138,40,'Tigris Prime Blueprint','2017-04-02 07:59:28','2017-04-02 07:59:28'),(139,40,'Tigris Prime Barrel','2017-04-02 07:59:28','2017-04-02 07:59:28'),(140,40,'Tigris Prime Receiver','2017-04-02 07:59:28','2017-04-02 07:59:28'),(141,40,'Tigris Prime Stock','2017-04-02 07:59:28','2017-04-02 07:59:28'),(142,41,'Trinity Prime Blueprint','2017-04-02 07:59:28','2017-04-02 07:59:28'),(143,41,'Trinity Prime Chassis Blueprint','2017-04-02 07:59:28','2017-04-02 07:59:28'),(144,41,'Trinity Prime Neuroptics Blueprint','2017-04-02 07:59:28','2017-04-02 07:59:28'),(145,41,'Trinity Prime Systems Blueprint','2017-04-02 07:59:28','2017-04-02 07:59:28'),(146,42,'Valkyr Prime Blueprint','2017-04-02 07:59:28','2017-04-02 07:59:28'),(147,42,'Valkyr Prime Chassis Blueprint','2017-04-02 07:59:28','2017-04-02 07:59:28'),(148,42,'Valkyr Prime Neuroptics Blueprint','2017-04-02 07:59:28','2017-04-02 07:59:28'),(149,42,'Valkyr Prime Systems Blueprint','2017-04-02 07:59:28','2017-04-02 07:59:28'),(150,43,'Vasto Prime Blueprint','2017-04-02 07:59:28','2017-04-02 07:59:28'),(151,43,'Vasto Prime Barrel','2017-04-02 07:59:28','2017-04-02 07:59:28'),(152,43,'Vasto Prime Receiver','2017-04-02 07:59:28','2017-04-02 07:59:28'),(153,44,'Vauban Prime Blueprint','2017-04-02 07:59:28','2017-04-02 07:59:28'),(154,44,'Vauban Prime Chassis Blueprint','2017-04-02 07:59:28','2017-04-02 07:59:28'),(155,44,'Vauban Prime Neuroptics Blueprint','2017-04-02 07:59:28','2017-04-02 07:59:28'),(156,44,'Vauban Prime Systems Blueprint','2017-04-02 07:59:28','2017-04-02 07:59:28'),(157,45,'Vectis Prime Blueprint','2017-04-02 07:59:28','2017-04-02 07:59:28'),(158,45,'Vectis Prime Barrel','2017-04-02 07:59:28','2017-04-02 07:59:28'),(159,45,'Vectis Prime Receiver','2017-04-02 07:59:28','2017-04-02 07:59:28'),(160,45,'Vectis Prime Stock','2017-04-02 07:59:28','2017-04-02 07:59:28'),(161,46,'Venka Prime Blueprint','2017-04-02 07:59:28','2017-04-02 07:59:28'),(162,46,'Venka Prime Blades','2017-04-02 07:59:28','2017-04-02 07:59:28'),(163,46,'Venka Prime Gauntlet','2017-04-02 07:59:28','2017-04-02 07:59:28'),(164,47,'Volt Prime Blueprint','2017-04-02 07:59:28','2017-04-02 07:59:28'),(165,47,'Volt Prime Chassis Blueprint','2017-04-02 07:59:28','2017-04-02 07:59:28'),(166,47,'Volt Prime Neuroptics Blueprint','2017-04-02 07:59:28','2017-04-02 07:59:28'),(167,47,'Volt Prime Systems Blueprint','2017-04-02 07:59:28','2017-04-02 07:59:28'),(168,48,'Forma Blueprint','2017-04-02 07:59:28','2017-04-02 07:59:28');
/*!40000 ALTER TABLE `item_parts` ENABLE KEYS */;
UNLOCK TABLES;

--
-- Table structure for table `items`
--

DROP TABLE IF EXISTS `items`;
/*!40101 SET @saved_cs_client     = @@character_set_client */;
/*!40101 SET character_set_client = utf8 */;
CREATE TABLE `items` (
  `id` int(11) NOT NULL AUTO_INCREMENT,
  `name` varchar(50) NOT NULL,
  `vaulted` bit(1) NOT NULL DEFAULT b'0',
  `created_at` timestamp NULL DEFAULT CURRENT_TIMESTAMP,
  `updated_at` timestamp NULL DEFAULT CURRENT_TIMESTAMP,
  PRIMARY KEY (`id`),
  UNIQUE KEY `id_UNIQUE` (`id`)
) ENGINE=InnoDB AUTO_INCREMENT=49 DEFAULT CHARSET=utf8;
/*!40101 SET character_set_client = @saved_cs_client */;

--
-- Dumping data for table `items`
--

LOCK TABLES `items` WRITE;
/*!40000 ALTER TABLE `items` DISABLE KEYS */;
INSERT INTO `items` VALUES (1,'Akbronco Prime','\0','2017-04-02 07:59:27','2017-04-02 07:59:27'),(2,'Aklex Prime','','2017-04-02 07:59:27','2017-04-02 07:59:27'),(3,'Akstiletto Prime','\0','2017-04-02 07:59:27','2017-04-02 07:59:27'),(4,'Ash Prime','\0','2017-04-02 07:59:27','2017-04-02 07:59:27'),(5,'Banshee Prime','\0','2017-04-02 07:59:27','2017-04-02 07:59:27'),(6,'Boar Prime','','2017-04-02 07:59:27','2017-04-02 07:59:27'),(7,'Braton Prime','\0','2017-04-02 07:59:27','2017-04-02 07:59:27'),(8,'Bronco Prime','\0','2017-04-02 07:59:27','2017-04-02 07:59:27'),(9,'Burston Prime','\0','2017-04-02 07:59:27','2017-04-02 07:59:27'),(10,'Carrier Prime','\0','2017-04-02 07:59:27','2017-04-02 07:59:27'),(11,'Cernos Prime','\0','2017-04-02 07:59:27','2017-04-02 07:59:27'),(12,'Dakra Prime','','2017-04-02 07:59:27','2017-04-02 07:59:27'),(13,'Dual Kamas Prime','\0','2017-04-02 07:59:27','2017-04-02 07:59:27'),(14,'Ember Prime','','2017-04-02 07:59:27','2017-04-02 07:59:27'),(15,'Euphona Prime','\0','2017-04-02 07:59:27','2017-04-02 07:59:27'),(16,'Fang Prime','\0','2017-04-02 07:59:27','2017-04-02 07:59:27'),(17,'Fragor Prime','\0','2017-04-02 07:59:27','2017-04-02 07:59:27'),(18,'Frost Prime','','2017-04-02 07:59:27','2017-04-02 07:59:27'),(19,'Galatine Prime','\0','2017-04-02 07:59:28','2017-04-02 07:59:28'),(20,'Glaive Prime','','2017-04-02 07:59:28','2017-04-02 07:59:28'),(21,'Helios Prime','\0','2017-04-02 07:59:28','2017-04-02 07:59:28'),(22,'Hikou Prime','','2017-04-02 07:59:28','2017-04-02 07:59:28'),(23,'Kavasa Prime','\0','2017-04-02 07:59:28','2017-04-02 07:59:28'),(24,'Latron Prime','','2017-04-02 07:59:28','2017-04-02 07:59:28'),(25,'Lex Prime','\0','2017-04-02 07:59:28','2017-04-02 07:59:28'),(26,'Mag Prime','','2017-04-02 07:59:28','2017-04-02 07:59:28'),(27,'Nekros Prime','\0','2017-04-02 07:59:28','2017-04-02 07:59:28'),(28,'Nikana Prime','\0','2017-04-02 07:59:28','2017-04-02 07:59:28'),(29,'Nova Prime','','2017-04-02 07:59:28','2017-04-02 07:59:28'),(30,'Nyx Prime','','2017-04-02 07:59:28','2017-04-02 07:59:28'),(31,'Odonata Prime','','2017-04-02 07:59:28','2017-04-02 07:59:28'),(32,'Orthos Prime','\0','2017-04-02 07:59:28','2017-04-02 07:59:28'),(33,'Paris Prime','\0','2017-04-02 07:59:28','2017-04-02 07:59:28'),(34,'Reaper Prime','','2017-04-02 07:59:28','2017-04-02 07:59:28'),(35,'Saryn Prime','\0','2017-04-02 07:59:28','2017-04-02 07:59:28'),(36,'Scindo Prime','','2017-04-02 07:59:28','2017-04-02 07:59:28'),(37,'Sicarus Prime','','2017-04-02 07:59:28','2017-04-02 07:59:28'),(38,'Soma Prime','','2017-04-02 07:59:28','2017-04-02 07:59:28'),(39,'Spira Prime','\0','2017-04-02 07:59:28','2017-04-02 07:59:28'),(40,'Tigris Prime','\0','2017-04-02 07:59:28','2017-04-02 07:59:28'),(41,'Trinity Prime','\0','2017-04-02 07:59:28','2017-04-02 07:59:28'),(42,'Valkyr Prime','\0','2017-04-02 07:59:28','2017-04-02 07:59:28'),(43,'Vasto Prime','','2017-04-02 07:59:28','2017-04-02 07:59:28'),(44,'Vauban Prime','\0','2017-04-02 07:59:28','2017-04-02 07:59:28'),(45,'Vectis Prime','\0','2017-04-02 07:59:28','2017-04-02 07:59:28'),(46,'Venka Prime','\0','2017-04-02 07:59:28','2017-04-02 07:59:28'),(47,'Volt Prime','','2017-04-02 07:59:28','2017-04-02 07:59:28'),(48,'Forma Blueprint','\0','2017-04-02 07:59:28','2017-04-02 07:59:28');
/*!40000 ALTER TABLE `items` ENABLE KEYS */;
UNLOCK TABLES;

--
-- Table structure for table `missions`
--

DROP TABLE IF EXISTS `missions`;
/*!40101 SET @saved_cs_client     = @@character_set_client */;
/*!40101 SET character_set_client = utf8 */;
CREATE TABLE `missions` (
  `id` int(11) NOT NULL AUTO_INCREMENT,
  `source_id` int(11) NOT NULL,
  `name` varchar(45) NOT NULL,
  `planet` varchar(45) NOT NULL,
  `faction` varchar(45) NOT NULL,
  `type` varchar(45) NOT NULL,
  `created_at` timestamp NULL DEFAULT CURRENT_TIMESTAMP,
  `updated_at` timestamp NULL DEFAULT CURRENT_TIMESTAMP,
  PRIMARY KEY (`id`),
  KEY `fk_source_id_idx` (`source_id`),
  CONSTRAINT `fk_source_id` FOREIGN KEY (`source_id`) REFERENCES `sources` (`id`) ON DELETE NO ACTION ON UPDATE NO ACTION
) ENGINE=InnoDB AUTO_INCREMENT=129 DEFAULT CHARSET=utf8;
/*!40101 SET character_set_client = @saved_cs_client */;

--
-- Dumping data for table `missions`
--

LOCK TABLES `missions` WRITE;
/*!40000 ALTER TABLE `missions` DISABLE KEYS */;
INSERT INTO `missions` VALUES (1,1,'Elion','Mercury','Grineer','Capture','2017-04-02 07:59:28','2017-04-02 07:59:28'),(2,1,'Venera','Venus','Corpus','Capture','2017-04-02 07:59:28','2017-04-02 07:59:28'),(3,1,'Mantle','Earth','Grineer','Capture','2017-04-02 07:59:28','2017-04-02 07:59:28'),(4,1,'Ara','Mars','Grineer','Capture','2017-04-02 07:59:28','2017-04-02 07:59:28'),(5,1,'Quirinus','Mars','Corpus','Capture','2017-04-02 07:59:28','2017-04-02 07:59:28'),(6,1,'Ananke','Jupiter','Corpus','Capture','2017-04-02 07:59:28','2017-04-02 07:59:28'),(7,1,'Phoebe','Saturn','Grineer','Capture','2017-04-02 07:59:28','2017-04-02 07:59:28'),(8,1,'Cassini','Saturn','Grineer','Capture','2017-04-02 07:59:28','2017-04-02 07:59:28'),(9,1,'Ariel','Uranus','Grineer','Capture','2017-04-02 07:59:28','2017-04-02 07:59:28'),(10,1,'Trinculo','Uranus','Grineer','Capture','2017-04-02 07:59:28','2017-04-02 07:59:28'),(11,1,'Galatea','Neptune','Corpus','Capture','2017-04-02 07:59:28','2017-04-02 07:59:28'),(12,1,'Hydra','Pluto','Corpus','Capture','2017-04-02 07:59:28','2017-04-02 07:59:28'),(13,1,'Corb','Pluto','Corpus','Capture','2017-04-02 07:59:28','2017-04-02 07:59:28'),(14,1,'Lex','Ceres','Grineer','Capture','2017-04-02 07:59:28','2017-04-02 07:59:28'),(15,1,'Cosis','Eris','Infested','Capture','2017-04-02 07:59:28','2017-04-02 07:59:28'),(16,1,'Isos','Eris','Infested','Capture','2017-04-02 07:59:28','2017-04-02 07:59:28'),(17,1,'Rusalka','Sedna','Grineer','Capture','2017-04-02 07:59:28','2017-04-02 07:59:28'),(18,1,'Abaddon','Europa','Corpus','Capture','2017-04-02 07:59:28','2017-04-02 07:59:28'),(19,20,'Cryotic Front','Europa','Corpus','Excavation','2017-04-02 07:59:28','2017-04-02 07:59:29'),(20,1,'Beleth','Europa','Corpus','Capture','2017-04-02 07:59:28','2017-04-02 07:59:28'),(21,1,'Hepit','Void','Orokin','Capture','2017-04-02 07:59:28','2017-04-02 07:59:28'),(22,1,'Ukko','Void','Orokin','Capture','2017-04-02 07:59:28','2017-04-02 07:59:28'),(23,1,'Limtoc','Phobos','Grineer','Capture','2017-04-02 07:59:28','2017-04-02 07:59:28'),(24,1,'Skyresh','Phobos','Corpus','Capture','2017-04-02 07:59:28','2017-04-02 07:59:28'),(25,1,'Todd','Phobos','Grineer','Capture','2017-04-02 07:59:28','2017-04-02 07:59:28'),(26,1,'Copernicus','Lua','Corpus','Capture','2017-04-02 07:59:28','2017-04-02 07:59:28'),(27,1,'Nabuk','Kuva Fortress','Grineer','Capture','2017-04-02 07:59:28','2017-04-02 07:59:28'),(28,2,'Kepler','Phobos','Corpus','Race','2017-04-02 07:59:28','2017-04-02 07:59:28'),(29,3,'Romula','Venus','Infested','Defense','2017-04-02 07:59:28','2017-04-02 07:59:28'),(30,3,'Coba','Earth','Infested','Defense','2017-04-02 07:59:28','2017-04-02 07:59:28'),(31,3,'Kadesh','Mars','Infested','Defense','2017-04-02 07:59:28','2017-04-02 07:59:28'),(32,3,'Sinai','Jupiter','Infested','Defense','2017-04-02 07:59:28','2017-04-02 07:59:28'),(33,3,'Caracol','Saturn','Infested','Defense','2017-04-02 07:59:28','2017-04-02 07:59:28'),(34,3,'Ur','Uranus','Infested','Defense','2017-04-02 07:59:28','2017-04-02 07:59:28'),(35,3,'Yursa','Neptune','Infested','Defense','2017-04-02 07:59:28','2017-04-02 07:59:28'),(36,3,'Sechura','Pluto','Infested','Defense','2017-04-02 07:59:28','2017-04-02 07:59:28'),(37,3,'Seimeni','Ceres','Infested','Defense','2017-04-02 07:59:28','2017-04-02 07:59:28'),(38,3,'Akkad','Eris','Infested','Defense','2017-04-02 07:59:28','2017-04-02 07:59:28'),(39,3,'Sangeru','Sedna','Infested','Defense','2017-04-02 07:59:28','2017-04-02 07:59:28'),(40,3,'Larzac','Europa','Infested','Defense','2017-04-02 07:59:28','2017-04-02 07:59:28'),(41,3,'Memphis','Phobos','Infested','Defense','2017-04-02 07:59:28','2017-04-02 07:59:28'),(42,4,'Lares','Mercury','Infested','Defense','2017-04-02 07:59:28','2017-04-02 07:59:28'),(43,4,'Tessera','Venus','Corpus','Defense','2017-04-02 07:59:28','2017-04-02 07:59:28'),(44,4,'Lith','Earth','Grineer','Defense','2017-04-02 07:59:28','2017-04-02 07:59:28'),(45,4,'Spear','Mars','Grineer','Defense','2017-04-02 07:59:28','2017-04-02 07:59:28'),(46,4,'Varro','Ceres','Grineer','Defense','2017-04-02 07:59:28','2017-04-02 07:59:28'),(47,4,'Casta','Ceres','Grineer','Defense','2017-04-02 07:59:28','2017-04-02 07:59:28'),(48,4,'Egeria','Ceres','Grineer','Defense','2017-04-02 07:59:28','2017-04-02 07:59:28'),(49,4,'Taranis','Void','Orokin','Defense','2017-04-02 07:59:28','2017-04-02 07:59:28'),(50,4,'Drunlo','Phobos','Grineer','Defense','2017-04-02 07:59:28','2017-04-02 07:59:28'),(51,4,'Gulliver','Phobos','Corpus','Defense','2017-04-02 07:59:28','2017-04-02 07:59:28'),(52,5,'OROKIN DERELICT DEFENSE','Derelict','Infested','Defense','2017-04-02 07:59:28','2017-04-02 07:59:28'),(53,6,'OROKIN DERELICT SURVIVAL','Derelict','Infested','Survival','2017-04-02 07:59:28','2017-04-02 07:59:28'),(54,7,'Kiliken','Venus','Corpus','Excavation','2017-04-02 07:59:28','2017-04-02 07:59:28'),(55,7,'Everest','Earth','Grineer','Excavation','2017-04-02 07:59:29','2017-04-02 07:59:29'),(56,7,'Tikal','Earth','Infested','Excavation','2017-04-02 07:59:29','2017-04-02 07:59:29'),(57,7,'Augustus','Mars','Grineer','Excavation','2017-04-02 07:59:29','2017-04-02 07:59:29'),(58,7,'Wendell','Phobos','Grineer','Excavation','2017-04-02 07:59:29','2017-04-02 07:59:29'),(59,8,'Odin','Mercury','Grineer','Interception','2017-04-02 07:59:29','2017-04-02 07:59:29'),(60,8,'Cytherean','Venus','Corpus','Interception','2017-04-02 07:59:29','2017-04-02 07:59:29'),(61,8,'Gaia','Earth','Grineer','Interception','2017-04-02 07:59:29','2017-04-02 07:59:29'),(62,8,'Alator','Mars','Grineer','Interception','2017-04-02 07:59:29','2017-04-02 07:59:29'),(63,8,'Cinxia','Ceres','Grineer','Interception','2017-04-02 07:59:29','2017-04-02 07:59:29'),(64,9,'Opik','Phobos','Corpus','Race','2017-04-02 07:59:29','2017-04-02 07:59:29'),(65,10,'Malva','Venus','Infested','Survival','2017-04-02 07:59:29','2017-04-02 07:59:29'),(66,10,'Gabii','Ceres','Infested','Survival','2017-04-02 07:59:29','2017-04-02 07:59:29'),(67,11,'Apollodorus','Mercury','Infested','Survival','2017-04-02 07:59:29','2017-04-02 07:59:29'),(68,11,'V Prime','Venus','Corpus','Survival','2017-04-02 07:59:29','2017-04-02 07:59:29'),(69,11,'Arcadia','Mars','Corpus','Survival','2017-04-02 07:59:29','2017-04-02 07:59:29'),(70,11,'Stickney','Phobos','Corpus','Survival','2017-04-02 07:59:29','2017-04-02 07:59:29'),(71,11,'Flimnap','Phobos','Grineer','Survival','2017-04-02 07:59:29','2017-04-02 07:59:29'),(72,12,'Pandora','Saturn','Grineer','Pursuit','2017-04-02 07:59:29','2017-04-02 07:59:29'),(73,13,'Io','Jupiter','Corpus','Defense','2017-04-02 07:59:29','2017-04-02 07:59:29'),(74,13,'Helene','Saturn','Grineer','Defense','2017-04-02 07:59:29','2017-04-02 07:59:29'),(75,13,'Birog','Saturn','Grineer','Defense','2017-04-02 07:59:29','2017-04-02 07:59:29'),(76,13,'Camenae','Sedna','Grineer','Defense','2017-04-02 07:59:29','2017-04-02 07:59:29'),(77,13,'Paimon','Europa','Corpus','Defense','2017-04-02 07:59:29','2017-04-02 07:59:29'),(78,14,'Lillith','Europa','Corpus','Excavation','2017-04-02 07:59:29','2017-04-02 07:59:29'),(79,14,'Valefor','Europa','Corpus','Excavation','2017-04-02 07:59:29','2017-04-02 07:59:29'),(80,15,'Callisto','Jupiter','Corpus','Interception','2017-04-02 07:59:29','2017-04-02 07:59:29'),(81,15,'Iapetus','Saturn','Grineer','Interception','2017-04-02 07:59:29','2017-04-02 07:59:29'),(82,15,'Rhea','Saturn','Grineer','Interception','2017-04-02 07:59:29','2017-04-02 07:59:29'),(83,15,'Umbriel','Uranus','Grineer','Interception','2017-04-02 07:59:29','2017-04-02 07:59:29'),(84,15,'Ose','Europa','Corpus','Interception','2017-04-02 07:59:29','2017-04-02 07:59:29'),(85,16,'Wahiba','Mars','Infested','Survival','2017-04-02 07:59:29','2017-04-02 07:59:29'),(86,16,'Cameria','Jupiter','Infested','Survival','2017-04-02 07:59:29','2017-04-02 07:59:29'),(87,16,'Piscinas','Saturn','Infested','Survival','2017-04-02 07:59:29','2017-04-02 07:59:29'),(88,16,'Zeugma','Phobos','Infested','Survival','2017-04-02 07:59:29','2017-04-02 07:59:29'),(89,17,'Elara','Jupiter','Corpus','Survival','2017-04-02 07:59:29','2017-04-02 07:59:29'),(90,17,'Titan','Saturn','Grineer','Survival','2017-04-02 07:59:29','2017-04-02 07:59:29'),(91,17,'Draco','Ceres','Grineer','Survival','2017-04-02 07:59:29','2017-04-02 07:59:29'),(92,17,'Zagan','Europa','Corpus','Survival','2017-04-02 07:59:29','2017-04-02 07:59:29'),(93,17,'Ani','Void','Orokin','Survival','2017-04-02 07:59:29','2017-04-02 07:59:29'),(94,18,'Proteus','Neptune','Corpus','Defense','2017-04-02 07:59:29','2017-04-02 07:59:29'),(95,18,'Outer Terminus','Pluto','Corpus','Defense','2017-04-02 07:59:29','2017-04-02 07:59:29'),(96,18,'Kala-azar','Eris','Infested','Defense','2017-04-02 07:59:29','2017-04-02 07:59:29'),(97,18,'Ixodes','Eris','Infested','Defense','2017-04-02 07:59:29','2017-04-02 07:59:29'),(98,18,'Hydron','Sedna','Grineer','Defense','2017-04-02 07:59:29','2017-04-02 07:59:29'),(99,18,'Belenus','Void','Orokin','Defense','2017-04-02 07:59:29','2017-04-02 07:59:29'),(100,18,'Stöfler','Lua','Grineer','Defense','2017-04-02 07:59:29','2017-04-02 07:59:29'),(101,18,'Tamu','Kuva Fortress','Grineer','Defense','2017-04-02 07:59:29','2017-04-02 07:59:29'),(102,19,'Oestrus','Eris','Infested','Salvage','2017-04-02 07:59:29','2017-04-02 07:59:29'),(103,20,'Despina','Neptune','Corpus','Excavation','2017-04-02 07:59:29','2017-04-02 07:59:29'),(104,20,'Hieracon','Pluto','Infested','Excavation','2017-04-02 07:59:29','2017-04-02 07:59:29'),(105,20,'Cholistan','Europa','Infested','Excavation','2017-04-02 07:59:29','2017-04-02 07:59:29'),(106,21,'Caelus','Uranus','Grineer','Interception','2017-04-02 07:59:29','2017-04-02 07:59:29'),(107,22,'Stephano','Uranus','Grineer','Defense','2017-04-02 07:59:29','2017-04-02 07:59:29'),(108,22,'Cerberus','Pluto','Corpus','Interception','2017-04-02 07:59:29','2017-04-02 07:59:29'),(109,22,'Sporid','Eris','Infested','Interception','2017-04-02 07:59:29','2017-04-02 07:59:29'),(110,22,'Phalan','Eris','Infested','Interception','2017-04-02 07:59:29','2017-04-02 07:59:29'),(111,22,'Xini','Eris','Infested','Interception','2017-04-02 07:59:29','2017-04-02 07:59:29'),(112,22,'Berehynia','Sedna','Grineer','Interception','2017-04-02 07:59:29','2017-04-02 07:59:29'),(113,22,'Mithra','Void','Orokin','Interception','2017-04-02 07:59:29','2017-04-02 07:59:29'),(114,23,'Assur','Uranus','Infested','Survival','2017-04-02 07:59:29','2017-04-02 07:59:29'),(115,23,'Kelashin','Neptune','Infested','Survival','2017-04-02 07:59:29','2017-04-02 07:59:29'),(116,23,'Amarna','Sedna','Infested','Survival','2017-04-02 07:59:29','2017-04-02 07:59:29'),(117,24,'Zabala','Eris','Infested','Survival','2017-04-02 07:59:29','2017-04-02 07:59:29'),(118,25,'Ophelia','Uranus','Grineer','Survival','2017-04-02 07:59:29','2017-04-02 07:59:29'),(119,25,'Cupid','Uranus','Grineer','Survival','2017-04-02 07:59:29','2017-04-02 07:59:29'),(120,25,'Palus','Pluto','Corpus','Survival','2017-04-02 07:59:29','2017-04-02 07:59:29'),(121,25,'Hymeno','Eris','Infested','Survival','2017-04-02 07:59:29','2017-04-02 07:59:29'),(122,25,'Nimus','Eris','Infested','Survival','2017-04-02 07:59:29','2017-04-02 07:59:29'),(123,25,'Selkie','Sedna','Grineer','Survival','2017-04-02 07:59:29','2017-04-02 07:59:29'),(124,25,'Scylla','Sedna','Grineer','Survival','2017-04-02 07:59:29','2017-04-02 07:59:29'),(125,25,'Yemaja','Sedna','Grineer','Survival','2017-04-02 07:59:29','2017-04-02 07:59:29'),(126,25,'Tycho','Lua','Corpus','Survival','2017-04-02 07:59:29','2017-04-02 07:59:29'),(127,25,'Taveuni','Kuva Fortress','Grineer','Survival','2017-04-02 07:59:29','2017-04-02 07:59:29'),(128,26,'Mot','Void','Orokin','Survival','2017-04-02 07:59:29','2017-04-02 07:59:29');
/*!40000 ALTER TABLE `missions` ENABLE KEYS */;
UNLOCK TABLES;

--
-- Table structure for table `relics`
--

DROP TABLE IF EXISTS `relics`;
/*!40101 SET @saved_cs_client     = @@character_set_client */;
/*!40101 SET character_set_client = utf8 */;
CREATE TABLE `relics` (
  `id` int(11) NOT NULL AUTO_INCREMENT,
  `name` varchar(45) NOT NULL,
  `type` varchar(45) NOT NULL,
  `vaulted` bit(1) DEFAULT b'0',
  `created_at` timestamp NULL DEFAULT CURRENT_TIMESTAMP,
  `updated_at` timestamp NULL DEFAULT CURRENT_TIMESTAMP,
  PRIMARY KEY (`id`),
  UNIQUE KEY `name_UNIQUE` (`name`)
) ENGINE=InnoDB AUTO_INCREMENT=71 DEFAULT CHARSET=utf8;
/*!40101 SET character_set_client = @saved_cs_client */;

--
-- Dumping data for table `relics`
--

LOCK TABLES `relics` WRITE;
/*!40000 ALTER TABLE `relics` DISABLE KEYS */;
INSERT INTO `relics` VALUES (1,'Lith A1','Lith','','2017-04-02 07:59:29','2017-04-02 07:59:29'),(2,'Lith C1','Lith','','2017-04-02 07:59:29','2017-04-02 07:59:29'),(3,'Lith F1','Lith','','2017-04-02 07:59:29','2017-04-02 07:59:29'),(4,'Lith F2','Lith','','2017-04-02 07:59:29','2017-04-02 07:59:29'),(5,'Lith G1','Lith','','2017-04-02 07:59:29','2017-04-02 07:59:29'),(6,'Lith K1','Lith','','2017-04-02 07:59:29','2017-04-02 07:59:29'),(7,'Lith M1','Lith','','2017-04-02 07:59:29','2017-04-02 07:59:29'),(8,'Lith N1','Lith','','2017-04-02 07:59:29','2017-04-02 07:59:29'),(9,'Lith N2','Lith','\0','2017-04-02 07:59:29','2017-04-02 07:59:29'),(10,'Lith S1','Lith','','2017-04-02 07:59:30','2017-04-02 07:59:30'),(11,'Lith S2','Lith','','2017-04-02 07:59:30','2017-04-02 07:59:30'),(12,'Lith S3','Lith','','2017-04-02 07:59:30','2017-04-02 07:59:30'),(13,'Lith S4','Lith','\0','2017-04-02 07:59:30','2017-04-02 07:59:30'),(14,'Lith S5','Lith','\0','2017-04-02 07:59:30','2017-04-02 07:59:30'),(15,'Lith V1','Lith','','2017-04-02 07:59:30','2017-04-02 07:59:30'),(16,'Lith V2','Lith','\0','2017-04-02 07:59:30','2017-04-02 07:59:30'),(17,'Lith V3','Lith','\0','2017-04-02 07:59:30','2017-04-02 07:59:30'),(18,'Meso B1','Meso','','2017-04-02 07:59:30','2017-04-02 07:59:30'),(19,'Meso C1','Meso','','2017-04-02 07:59:30','2017-04-02 07:59:30'),(20,'Meso C2','Meso','','2017-04-02 07:59:31','2017-04-02 07:59:31'),(21,'Meso D1','Meso','\0','2017-04-02 07:59:31','2017-04-02 07:59:31'),(22,'Meso F1','Meso','\0','2017-04-02 07:59:31','2017-04-02 07:59:31'),(23,'Meso F2','Meso','','2017-04-02 07:59:31','2017-04-02 07:59:31'),(24,'Meso N1','Meso','','2017-04-02 07:59:31','2017-04-02 07:59:31'),(25,'Meso N2','Meso','','2017-04-02 07:59:31','2017-04-02 07:59:31'),(26,'Meso N3','Meso','\0','2017-04-02 07:59:31','2017-04-02 07:59:31'),(27,'Meso S1','Meso','','2017-04-02 07:59:31','2017-04-02 07:59:31'),(28,'Meso S2','Meso','\0','2017-04-02 07:59:31','2017-04-02 07:59:31'),(29,'Meso S3','Meso','\0','2017-04-02 07:59:32','2017-04-02 07:59:32'),(30,'Meso S4','Meso','\0','2017-04-02 07:59:32','2017-04-02 07:59:32'),(31,'Meso V1','Meso','\0','2017-04-02 07:59:32','2017-04-02 07:59:32'),(32,'Meso V2','Meso','','2017-04-02 07:59:32','2017-04-02 07:59:32'),(33,'Meso V3','Meso','','2017-04-02 07:59:32','2017-04-02 07:59:32'),(34,'Meso V4','Meso','\0','2017-04-02 07:59:32','2017-04-02 07:59:32'),(35,'Axi A1','Axi','\0','2017-04-02 07:59:33','2017-04-02 07:59:33'),(36,'Axi A2','Axi','','2017-04-02 07:59:33','2017-04-02 07:59:33'),(37,'Axi B1','Axi','\0','2017-04-02 07:59:33','2017-04-02 07:59:33'),(38,'Axi C1','Axi','\0','2017-04-02 07:59:33','2017-04-02 07:59:33'),(39,'Axi E1','Axi','','2017-04-02 07:59:33','2017-04-02 07:59:33'),(40,'Axi E2','Axi','\0','2017-04-02 07:59:33','2017-04-02 07:59:33'),(41,'Axi G1','Axi','\0','2017-04-02 07:59:34','2017-04-02 07:59:34'),(42,'Axi H1','Axi','\0','2017-04-02 07:59:34','2017-04-02 07:59:34'),(43,'Axi K1','Axi','','2017-04-02 07:59:34','2017-04-02 07:59:34'),(44,'Axi N1','Axi','','2017-04-02 07:59:34','2017-04-02 07:59:34'),(45,'Axi N2','Axi','\0','2017-04-02 07:59:34','2017-04-02 07:59:34'),(46,'Axi N3','Axi','','2017-04-02 07:59:34','2017-04-02 07:59:34'),(47,'Axi S1','Axi','','2017-04-02 07:59:34','2017-04-02 07:59:34'),(48,'Axi T1','Axi','','2017-04-02 07:59:34','2017-04-02 07:59:34'),(49,'Axi V1','Axi','','2017-04-02 07:59:34','2017-04-02 07:59:34'),(50,'Axi V2','Axi','','2017-04-02 07:59:34','2017-04-02 07:59:34'),(51,'Axi V3','Axi','','2017-04-02 07:59:34','2017-04-02 07:59:34'),(52,'Axi V4','Axi','','2017-04-02 07:59:35','2017-04-02 07:59:35'),(53,'Axi V5','Axi','\0','2017-04-02 07:59:35','2017-04-02 07:59:35'),(54,'Neo A1','Neo','\0','2017-04-02 07:59:35','2017-04-02 07:59:35'),(55,'Neo B1','Neo','\0','2017-04-02 07:59:35','2017-04-02 07:59:35'),(56,'Neo D1','Neo','','2017-04-02 07:59:35','2017-04-02 07:59:35'),(57,'Neo N1','Neo','','2017-04-02 07:59:35','2017-04-02 07:59:35'),(58,'Neo N2','Neo','','2017-04-02 07:59:36','2017-04-02 07:59:36'),(59,'Neo N3','Neo','','2017-04-02 07:59:36','2017-04-02 07:59:36'),(60,'Neo N4','Neo','\0','2017-04-02 07:59:36','2017-04-02 07:59:36'),(61,'Neo N5','Neo','\0','2017-04-02 07:59:36','2017-04-02 07:59:36'),(62,'Neo S1','Neo','','2017-04-02 07:59:36','2017-04-02 07:59:36'),(63,'Neo S2','Neo','','2017-04-02 07:59:36','2017-04-02 07:59:36'),(64,'Neo S3','Neo','','2017-04-02 07:59:36','2017-04-02 07:59:36'),(65,'Neo S5','Neo','','2017-04-02 07:59:36','2017-04-02 07:59:36'),(66,'Neo T1','Neo','\0','2017-04-02 07:59:36','2017-04-02 07:59:36'),(67,'Neo V1','Neo','','2017-04-02 07:59:37','2017-04-02 07:59:37'),(68,'Neo V2','Neo','\0','2017-04-02 07:59:37','2017-04-02 07:59:37'),(69,'Neo V3','Neo','\0','2017-04-02 07:59:37','2017-04-02 07:59:37'),(70,'Neo V4','Neo','\0','2017-04-02 07:59:37','2017-04-02 07:59:37');
/*!40000 ALTER TABLE `relics` ENABLE KEYS */;
UNLOCK TABLES;

--
-- Table structure for table `relics_rewards`
--

DROP TABLE IF EXISTS `relics_rewards`;
/*!40101 SET @saved_cs_client     = @@character_set_client */;
/*!40101 SET character_set_client = utf8 */;
CREATE TABLE `relics_rewards` (
  `id` int(11) NOT NULL AUTO_INCREMENT,
  `relics_id` int(11) NOT NULL,
  `item_parts_id` int(11) NOT NULL,
  `exceptional` double NOT NULL,
  `flawless` double NOT NULL,
  `intact` double NOT NULL,
  `radiant` double NOT NULL,
  `created_at` timestamp NULL DEFAULT CURRENT_TIMESTAMP,
  `updated_at` timestamp NULL DEFAULT CURRENT_TIMESTAMP,
  PRIMARY KEY (`id`),
  KEY `fk_items_parts_id_idx` (`item_parts_id`),
  KEY `fk_rewards_relics_id_idx` (`relics_id`),
  CONSTRAINT `fk_items_parts_id` FOREIGN KEY (`item_parts_id`) REFERENCES `item_parts` (`id`) ON DELETE NO ACTION ON UPDATE NO ACTION,
  CONSTRAINT `fk_rewards_relics_id` FOREIGN KEY (`relics_id`) REFERENCES `relics` (`id`) ON DELETE CASCADE ON UPDATE NO ACTION
) ENGINE=InnoDB AUTO_INCREMENT=420 DEFAULT CHARSET=utf8;
/*!40101 SET character_set_client = @saved_cs_client */;

--
-- Dumping data for table `relics_rewards`
--

LOCK TABLES `relics_rewards` WRITE;
/*!40000 ALTER TABLE `relics_rewards` DISABLE KEYS */;
INSERT INTO `relics_rewards` VALUES (1,1,123,13,17,11,20,'2017-04-02 07:59:29','2017-04-02 07:59:29'),(2,1,157,13,17,11,20,'2017-04-02 07:59:29','2017-04-02 07:59:29'),(3,1,22,23,20,25,17,'2017-04-02 07:59:29','2017-04-02 07:59:29'),(4,1,5,4,6,2,10,'2017-04-02 07:59:29','2017-04-02 07:59:29'),(5,1,168,23,20,25,17,'2017-04-02 07:59:29','2017-04-02 07:59:29'),(6,1,152,23,20,25,17,'2017-04-02 07:59:29','2017-04-02 07:59:29'),(7,2,34,4,6,2,10,'2017-04-02 07:59:29','2017-04-02 07:59:29'),(8,2,77,13,17,11,20,'2017-04-02 07:59:29','2017-04-02 07:59:29'),(9,2,168,13,17,11,20,'2017-04-02 07:59:29','2017-04-02 07:59:29'),(10,2,55,23,20,25,17,'2017-04-02 07:59:29','2017-04-02 07:59:29'),(11,2,100,23,20,25,17,'2017-04-02 07:59:29','2017-04-02 07:59:29'),(12,2,101,23,20,25,17,'2017-04-02 07:59:29','2017-04-02 07:59:29'),(13,3,125,13,17,11,20,'2017-04-02 07:59:29','2017-04-02 07:59:29'),(14,3,57,4,6,2,10,'2017-04-02 07:59:29','2017-04-02 07:59:29'),(15,3,168,23,20,25,17,'2017-04-02 07:59:29','2017-04-02 07:59:29'),(16,3,106,13,17,11,20,'2017-04-02 07:59:29','2017-04-02 07:59:29'),(17,3,113,23,20,25,17,'2017-04-02 07:59:29','2017-04-02 07:59:29'),(18,3,55,23,20,25,17,'2017-04-02 07:59:29','2017-04-02 07:59:29'),(19,4,108,23,20,25,17,'2017-04-02 07:59:29','2017-04-02 07:59:29'),(20,4,76,23,20,25,17,'2017-04-02 07:59:29','2017-04-02 07:59:29'),(21,4,117,23,20,25,17,'2017-04-02 07:59:29','2017-04-02 07:59:29'),(22,4,29,13,17,11,20,'2017-04-02 07:59:29','2017-04-02 07:59:29'),(23,4,153,4,6,2,10,'2017-04-02 07:59:29','2017-04-02 07:59:29'),(24,4,56,13,17,11,20,'2017-04-02 07:59:29','2017-04-02 07:59:29'),(25,5,67,4,6,2,10,'2017-04-02 07:59:29','2017-04-02 07:59:29'),(26,5,50,13,17,11,20,'2017-04-02 07:59:29','2017-04-02 07:59:29'),(27,5,168,13,17,11,20,'2017-04-02 07:59:29','2017-04-02 07:59:29'),(28,5,80,23,20,25,17,'2017-04-02 07:59:29','2017-04-02 07:59:29'),(29,5,61,23,20,25,17,'2017-04-02 07:59:29','2017-04-02 07:59:29'),(30,5,120,23,20,25,17,'2017-04-02 07:59:29','2017-04-02 07:59:29'),(31,6,78,4,6,2,10,'2017-04-02 07:59:29','2017-04-02 07:59:29'),(32,6,139,13,17,11,20,'2017-04-02 07:59:29','2017-04-02 07:59:29'),(33,6,142,13,17,11,20,'2017-04-02 07:59:29','2017-04-02 07:59:29'),(34,6,54,23,20,25,17,'2017-04-02 07:59:29','2017-04-02 07:59:29'),(35,6,31,23,20,25,17,'2017-04-02 07:59:29','2017-04-02 07:59:29'),(36,6,107,23,20,25,17,'2017-04-02 07:59:29','2017-04-02 07:59:29'),(37,7,87,4,6,2,10,'2017-04-02 07:59:29','2017-04-02 07:59:29'),(38,7,86,23,20,25,17,'2017-04-02 07:59:29','2017-04-02 07:59:29'),(39,7,131,13,17,11,20,'2017-04-02 07:59:29','2017-04-02 07:59:29'),(40,7,41,13,17,11,20,'2017-04-02 07:59:29','2017-04-02 07:59:29'),(41,7,19,23,20,25,17,'2017-04-02 07:59:29','2017-04-02 07:59:29'),(42,7,168,23,20,25,17,'2017-04-02 07:59:29','2017-04-02 07:59:29'),(43,8,99,4,6,2,10,'2017-04-02 07:59:29','2017-04-02 07:59:29'),(44,8,2,13,17,11,20,'2017-04-02 07:59:29','2017-04-02 07:59:29'),(45,8,168,13,17,11,20,'2017-04-02 07:59:29','2017-04-02 07:59:29'),(46,8,92,23,20,25,17,'2017-04-02 07:59:29','2017-04-02 07:59:29'),(47,8,25,23,20,25,17,'2017-04-02 07:59:29','2017-04-02 07:59:29'),(48,8,55,23,20,25,17,'2017-04-02 07:59:29','2017-04-02 07:59:29'),(49,9,94,4,6,2,10,'2017-04-02 07:59:29','2017-04-02 07:59:29'),(50,9,70,13,17,11,20,'2017-04-02 07:59:29','2017-04-02 07:59:29'),(51,9,77,13,17,11,20,'2017-04-02 07:59:29','2017-04-02 07:59:29'),(52,9,117,23,20,25,17,'2017-04-02 07:59:29','2017-04-02 07:59:29'),(53,9,135,23,20,25,17,'2017-04-02 07:59:29','2017-04-02 07:59:29'),(54,9,35,23,20,25,17,'2017-04-02 07:59:29','2017-04-02 07:59:29'),(55,10,114,13,17,11,20,'2017-04-02 07:59:30','2017-04-02 07:59:30'),(56,10,168,13,17,11,20,'2017-04-02 07:59:30','2017-04-02 07:59:30'),(57,10,116,23,20,25,17,'2017-04-02 07:59:30','2017-04-02 07:59:30'),(58,10,137,4,6,2,10,'2017-04-02 07:59:30','2017-04-02 07:59:30'),(59,10,74,23,20,25,17,'2017-04-02 07:59:30','2017-04-02 07:59:30'),(60,10,25,23,20,25,17,'2017-04-02 07:59:30','2017-04-02 07:59:30'),(61,11,134,4,6,2,10,'2017-04-02 07:59:30','2017-04-02 07:59:30'),(62,11,35,23,20,25,17,'2017-04-02 07:59:30','2017-04-02 07:59:30'),(63,11,168,13,17,11,20,'2017-04-02 07:59:30','2017-04-02 07:59:30'),(64,11,1,23,20,25,17,'2017-04-02 07:59:30','2017-04-02 07:59:30'),(65,11,102,23,20,25,17,'2017-04-02 07:59:30','2017-04-02 07:59:30'),(66,11,77,13,17,11,20,'2017-04-02 07:59:30','2017-04-02 07:59:30'),(67,12,137,4,6,2,10,'2017-04-02 07:59:30','2017-04-02 07:59:30'),(68,12,9,13,17,11,20,'2017-04-02 07:59:30','2017-04-02 07:59:30'),(69,12,133,13,17,11,20,'2017-04-02 07:59:30','2017-04-02 07:59:30'),(70,12,35,23,20,25,17,'2017-04-02 07:59:30','2017-04-02 07:59:30'),(71,12,1,23,20,25,17,'2017-04-02 07:59:30','2017-04-02 07:59:30'),(72,12,116,23,20,25,17,'2017-04-02 07:59:30','2017-04-02 07:59:30'),(73,13,121,4,6,2,10,'2017-04-02 07:59:30','2017-04-02 07:59:30'),(74,13,143,13,17,11,20,'2017-04-02 07:59:30','2017-04-02 07:59:30'),(75,13,79,13,17,11,20,'2017-04-02 07:59:30','2017-04-02 07:59:30'),(76,13,84,23,20,25,17,'2017-04-02 07:59:30','2017-04-02 07:59:30'),(77,13,168,23,20,25,17,'2017-04-02 07:59:30','2017-04-02 07:59:30'),(78,13,113,23,20,25,17,'2017-04-02 07:59:30','2017-04-02 07:59:30'),(79,14,136,4,6,2,10,'2017-04-02 07:59:30','2017-04-02 07:59:30'),(80,14,2,13,17,11,20,'2017-04-02 07:59:30','2017-04-02 07:59:30'),(81,14,66,13,17,11,20,'2017-04-02 07:59:30','2017-04-02 07:59:30'),(82,14,33,23,20,25,17,'2017-04-02 07:59:30','2017-04-02 07:59:30'),(83,14,30,23,20,25,17,'2017-04-02 07:59:30','2017-04-02 07:59:30'),(84,14,55,23,20,25,17,'2017-04-02 07:59:30','2017-04-02 07:59:30'),(85,15,58,4,6,2,10,'2017-04-02 07:59:30','2017-04-02 07:59:30'),(86,15,117,23,20,25,17,'2017-04-02 07:59:30','2017-04-02 07:59:30'),(87,15,167,13,17,11,20,'2017-04-02 07:59:30','2017-04-02 07:59:30'),(88,15,115,23,20,25,17,'2017-04-02 07:59:30','2017-04-02 07:59:30'),(89,15,31,23,20,25,17,'2017-04-02 07:59:30','2017-04-02 07:59:30'),(90,15,168,13,17,11,20,'2017-04-02 07:59:30','2017-04-02 07:59:30'),(91,16,156,4,6,2,10,'2017-04-02 07:59:30','2017-04-02 07:59:30'),(92,16,168,13,17,11,20,'2017-04-02 07:59:30','2017-04-02 07:59:30'),(93,16,117,13,17,11,20,'2017-04-02 07:59:30','2017-04-02 07:59:30'),(94,16,54,23,20,25,17,'2017-04-02 07:59:30','2017-04-02 07:59:30'),(95,16,85,23,20,25,17,'2017-04-02 07:59:30','2017-04-02 07:59:30'),(96,16,115,23,20,25,17,'2017-04-02 07:59:30','2017-04-02 07:59:30'),(97,17,149,4,6,2,10,'2017-04-02 07:59:30','2017-04-02 07:59:30'),(98,17,139,13,17,11,20,'2017-04-02 07:59:30','2017-04-02 07:59:30'),(99,17,73,13,17,11,20,'2017-04-02 07:59:30','2017-04-02 07:59:30'),(100,17,115,23,20,25,17,'2017-04-02 07:59:30','2017-04-02 07:59:30'),(101,17,40,23,20,25,17,'2017-04-02 07:59:30','2017-04-02 07:59:30'),(102,17,21,23,20,25,17,'2017-04-02 07:59:30','2017-04-02 07:59:30'),(103,18,20,4,6,2,10,'2017-04-02 07:59:30','2017-04-02 07:59:30'),(104,18,43,23,20,25,17,'2017-04-02 07:59:30','2017-04-02 07:59:30'),(105,18,88,13,17,11,20,'2017-04-02 07:59:30','2017-04-02 07:59:30'),(106,18,112,23,20,25,17,'2017-04-02 07:59:30','2017-04-02 07:59:30'),(107,18,110,13,17,11,20,'2017-04-02 07:59:30','2017-04-02 07:59:30'),(108,18,168,23,20,25,17,'2017-04-02 07:59:30','2017-04-02 07:59:30'),(109,19,34,4,6,2,10,'2017-04-02 07:59:30','2017-04-02 07:59:30'),(110,19,100,23,20,25,17,'2017-04-02 07:59:31','2017-04-02 07:59:31'),(111,19,168,23,20,25,17,'2017-04-02 07:59:31','2017-04-02 07:59:31'),(112,19,127,13,17,11,20,'2017-04-02 07:59:31','2017-04-02 07:59:31'),(113,19,124,23,20,25,17,'2017-04-02 07:59:31','2017-04-02 07:59:31'),(114,19,9,13,17,11,20,'2017-04-02 07:59:31','2017-04-02 07:59:31'),(115,20,34,4,6,2,10,'2017-04-02 07:59:31','2017-04-02 07:59:31'),(116,20,148,13,17,11,20,'2017-04-02 07:59:31','2017-04-02 07:59:31'),(117,20,106,13,17,11,20,'2017-04-02 07:59:31','2017-04-02 07:59:31'),(118,20,40,23,20,25,17,'2017-04-02 07:59:31','2017-04-02 07:59:31'),(119,20,25,23,20,25,17,'2017-04-02 07:59:31','2017-04-02 07:59:31'),(120,20,65,23,20,25,17,'2017-04-02 07:59:31','2017-04-02 07:59:31'),(121,21,112,23,20,25,17,'2017-04-02 07:59:31','2017-04-02 07:59:31'),(122,21,168,23,20,25,17,'2017-04-02 07:59:31','2017-04-02 07:59:31'),(123,21,111,13,17,11,20,'2017-04-02 07:59:31','2017-04-02 07:59:31'),(124,21,45,4,6,2,10,'2017-04-02 07:59:31','2017-04-02 07:59:31'),(125,21,84,23,20,25,17,'2017-04-02 07:59:31','2017-04-02 07:59:31'),(126,22,57,4,6,2,10,'2017-04-02 07:59:31','2017-04-02 07:59:31'),(127,22,93,13,17,11,20,'2017-04-02 07:59:31','2017-04-02 07:59:31'),(128,22,46,13,17,11,20,'2017-04-02 07:59:31','2017-04-02 07:59:31'),(129,22,27,23,20,25,17,'2017-04-02 07:59:31','2017-04-02 07:59:31'),(130,22,115,23,20,25,17,'2017-04-02 07:59:31','2017-04-02 07:59:31'),(131,22,124,23,20,25,17,'2017-04-02 07:59:31','2017-04-02 07:59:31'),(132,23,60,4,6,2,10,'2017-04-02 07:59:31','2017-04-02 07:59:31'),(133,23,119,13,17,11,20,'2017-04-02 07:59:31','2017-04-02 07:59:31'),(134,23,168,13,17,11,20,'2017-04-02 07:59:31','2017-04-02 07:59:31'),(135,23,83,23,20,25,17,'2017-04-02 07:59:31','2017-04-02 07:59:31'),(136,23,48,23,20,25,17,'2017-04-02 07:59:31','2017-04-02 07:59:31'),(137,23,129,23,20,25,17,'2017-04-02 07:59:31','2017-04-02 07:59:31'),(138,24,56,23,20,25,17,'2017-04-02 07:59:31','2017-04-02 07:59:31'),(139,24,24,23,20,25,17,'2017-04-02 07:59:31','2017-04-02 07:59:31'),(140,24,54,23,20,25,17,'2017-04-02 07:59:31','2017-04-02 07:59:31'),(141,24,168,13,17,11,20,'2017-04-02 07:59:31','2017-04-02 07:59:31'),(142,24,104,4,6,2,10,'2017-04-02 07:59:31','2017-04-02 07:59:31'),(143,24,46,13,17,11,20,'2017-04-02 07:59:31','2017-04-02 07:59:31'),(144,25,11,13,17,11,20,'2017-04-02 07:59:31','2017-04-02 07:59:31'),(145,25,155,4,6,2,10,'2017-04-02 07:59:31','2017-04-02 07:59:31'),(146,25,74,23,20,25,17,'2017-04-02 07:59:31','2017-04-02 07:59:31'),(147,25,25,23,20,25,17,'2017-04-02 07:59:31','2017-04-02 07:59:31'),(148,25,168,13,17,11,20,'2017-04-02 07:59:31','2017-04-02 07:59:31'),(149,25,56,23,20,25,17,'2017-04-02 07:59:31','2017-04-02 07:59:31'),(150,26,91,4,6,2,10,'2017-04-02 07:59:31','2017-04-02 07:59:31'),(151,26,52,13,17,11,20,'2017-04-02 07:59:31','2017-04-02 07:59:31'),(152,26,34,13,17,11,20,'2017-04-02 07:59:31','2017-04-02 07:59:31'),(153,26,31,23,20,25,17,'2017-04-02 07:59:31','2017-04-02 07:59:31'),(154,26,25,23,20,25,17,'2017-04-02 07:59:31','2017-04-02 07:59:31'),(155,26,22,23,20,25,17,'2017-04-02 07:59:31','2017-04-02 07:59:31'),(156,27,134,4,6,2,10,'2017-04-02 07:59:31','2017-04-02 07:59:31'),(157,27,117,13,17,11,20,'2017-04-02 07:59:31','2017-04-02 07:59:31'),(158,27,106,13,17,11,20,'2017-04-02 07:59:31','2017-04-02 07:59:31'),(159,27,101,23,20,25,17,'2017-04-02 07:59:31','2017-04-02 07:59:31'),(160,27,113,23,20,25,17,'2017-04-02 07:59:31','2017-04-02 07:59:31'),(161,27,141,23,20,25,17,'2017-04-02 07:59:31','2017-04-02 07:59:31'),(162,28,122,4,6,2,10,'2017-04-02 07:59:31','2017-04-02 07:59:31'),(163,28,114,13,17,11,20,'2017-04-02 07:59:31','2017-04-02 07:59:31'),(164,28,168,13,17,11,20,'2017-04-02 07:59:31','2017-04-02 07:59:31'),(165,28,116,23,20,25,17,'2017-04-02 07:59:31','2017-04-02 07:59:31'),(166,28,25,23,20,25,17,'2017-04-02 07:59:31','2017-04-02 07:59:31'),(167,28,65,23,20,25,17,'2017-04-02 07:59:31','2017-04-02 07:59:31'),(168,29,137,4,6,2,10,'2017-04-02 07:59:32','2017-04-02 07:59:32'),(169,29,9,13,17,11,20,'2017-04-02 07:59:32','2017-04-02 07:59:32'),(170,29,168,13,17,11,20,'2017-04-02 07:59:32','2017-04-02 07:59:32'),(171,29,146,23,20,25,17,'2017-04-02 07:59:32','2017-04-02 07:59:32'),(172,29,92,23,20,25,17,'2017-04-02 07:59:32','2017-04-02 07:59:32'),(173,29,1,23,20,25,17,'2017-04-02 07:59:32','2017-04-02 07:59:32'),(174,30,121,4,6,2,10,'2017-04-02 07:59:32','2017-04-02 07:59:32'),(175,30,56,13,17,11,20,'2017-04-02 07:59:32','2017-04-02 07:59:32'),(176,30,142,13,17,11,20,'2017-04-02 07:59:32','2017-04-02 07:59:32'),(177,30,54,23,20,25,17,'2017-04-02 07:59:32','2017-04-02 07:59:32'),(178,30,15,23,20,25,17,'2017-04-02 07:59:32','2017-04-02 07:59:32'),(179,30,65,23,20,25,17,'2017-04-02 07:59:32','2017-04-02 07:59:32'),(180,31,28,23,20,25,17,'2017-04-02 07:59:32','2017-04-02 07:59:32'),(181,31,21,13,17,11,20,'2017-04-02 07:59:32','2017-04-02 07:59:32'),(182,31,135,23,20,25,17,'2017-04-02 07:59:32','2017-04-02 07:59:32'),(183,31,32,23,20,25,17,'2017-04-02 07:59:32','2017-04-02 07:59:32'),(184,31,159,4,6,2,10,'2017-04-02 07:59:32','2017-04-02 07:59:32'),(185,31,168,13,17,11,20,'2017-04-02 07:59:32','2017-04-02 07:59:32'),(186,32,152,23,20,25,17,'2017-04-02 07:59:32','2017-04-02 07:59:32'),(187,32,113,23,20,25,17,'2017-04-02 07:59:32','2017-04-02 07:59:32'),(188,32,10,23,20,25,17,'2017-04-02 07:59:32','2017-04-02 07:59:32'),(189,32,96,4,6,2,10,'2017-04-02 07:59:32','2017-04-02 07:59:32'),(190,32,168,13,17,11,20,'2017-04-02 07:59:32','2017-04-02 07:59:32'),(191,32,165,13,17,11,20,'2017-04-02 07:59:32','2017-04-02 07:59:32'),(192,33,149,4,6,2,10,'2017-04-02 07:59:32','2017-04-02 07:59:32'),(193,33,77,13,17,11,20,'2017-04-02 07:59:32','2017-04-02 07:59:32'),(194,33,165,13,17,11,20,'2017-04-02 07:59:32','2017-04-02 07:59:32'),(195,33,32,23,20,25,17,'2017-04-02 07:59:32','2017-04-02 07:59:32'),(196,33,168,23,20,25,17,'2017-04-02 07:59:32','2017-04-02 07:59:32'),(197,33,135,23,20,25,17,'2017-04-02 07:59:32','2017-04-02 07:59:32'),(198,34,154,4,6,2,10,'2017-04-02 07:59:32','2017-04-02 07:59:32'),(199,34,148,13,17,11,20,'2017-04-02 07:59:32','2017-04-02 07:59:32'),(200,34,11,13,17,11,20,'2017-04-02 07:59:32','2017-04-02 07:59:32'),(201,34,32,23,20,25,17,'2017-04-02 07:59:32','2017-04-02 07:59:32'),(202,34,85,23,20,25,17,'2017-04-02 07:59:32','2017-04-02 07:59:32'),(203,34,168,23,20,25,17,'2017-04-02 07:59:32','2017-04-02 07:59:32'),(204,35,6,13,17,11,20,'2017-04-02 07:59:33','2017-04-02 07:59:33'),(205,35,145,23,20,25,17,'2017-04-02 07:59:33','2017-04-02 07:59:33'),(206,35,59,23,20,25,17,'2017-04-02 07:59:33','2017-04-02 07:59:33'),(207,35,46,13,17,11,20,'2017-04-02 07:59:33','2017-04-02 07:59:33'),(208,35,24,23,20,25,17,'2017-04-02 07:59:33','2017-04-02 07:59:33'),(209,35,95,4,6,2,10,'2017-04-02 07:59:33','2017-04-02 07:59:33'),(210,36,4,4,6,2,10,'2017-04-02 07:59:33','2017-04-02 07:59:33'),(211,36,3,13,17,11,20,'2017-04-02 07:59:33','2017-04-02 07:59:33'),(212,36,84,13,17,11,20,'2017-04-02 07:59:33','2017-04-02 07:59:33'),(213,36,86,23,20,25,17,'2017-04-02 07:59:33','2017-04-02 07:59:33'),(214,36,168,23,20,25,17,'2017-04-02 07:59:33','2017-04-02 07:59:33'),(215,36,85,23,20,25,17,'2017-04-02 07:59:33','2017-04-02 07:59:33'),(216,37,16,4,6,2,10,'2017-04-02 07:59:33','2017-04-02 07:59:33'),(217,37,36,13,17,11,20,'2017-04-02 07:59:33','2017-04-02 07:59:33'),(218,37,78,13,17,11,20,'2017-04-02 07:59:33','2017-04-02 07:59:33'),(219,37,51,23,20,25,17,'2017-04-02 07:59:33','2017-04-02 07:59:33'),(220,37,10,23,20,25,17,'2017-04-02 07:59:33','2017-04-02 07:59:33'),(221,37,55,23,20,25,17,'2017-04-02 07:59:33','2017-04-02 07:59:33'),(222,38,38,4,6,2,10,'2017-04-02 07:59:33','2017-04-02 07:59:33'),(223,38,110,13,17,11,20,'2017-04-02 07:59:33','2017-04-02 07:59:33'),(224,38,168,13,17,11,20,'2017-04-02 07:59:33','2017-04-02 07:59:33'),(225,38,144,23,20,25,17,'2017-04-02 07:59:33','2017-04-02 07:59:33'),(226,38,158,23,20,25,17,'2017-04-02 07:59:33','2017-04-02 07:59:33'),(227,38,86,23,20,25,17,'2017-04-02 07:59:33','2017-04-02 07:59:33'),(228,39,47,4,6,2,10,'2017-04-02 07:59:33','2017-04-02 07:59:33'),(229,39,68,13,17,11,20,'2017-04-02 07:59:33','2017-04-02 07:59:33'),(230,39,168,13,17,11,20,'2017-04-02 07:59:33','2017-04-02 07:59:33'),(231,39,81,23,20,25,17,'2017-04-02 07:59:33','2017-04-02 07:59:33'),(232,39,128,23,20,25,17,'2017-04-02 07:59:33','2017-04-02 07:59:33'),(233,39,62,23,20,25,17,'2017-04-02 07:59:33','2017-04-02 07:59:33'),(234,40,53,4,6,2,10,'2017-04-02 07:59:33','2017-04-02 07:59:33'),(235,40,26,13,17,11,20,'2017-04-02 07:59:33','2017-04-02 07:59:33'),(236,40,168,13,17,11,20,'2017-04-02 07:59:33','2017-04-02 07:59:33'),(237,40,113,23,20,25,17,'2017-04-02 07:59:33','2017-04-02 07:59:33'),(238,40,86,23,20,25,17,'2017-04-02 07:59:33','2017-04-02 07:59:33'),(239,40,24,23,20,25,17,'2017-04-02 07:59:33','2017-04-02 07:59:33'),(240,41,64,4,6,2,10,'2017-04-02 07:59:34','2017-04-02 07:59:34'),(241,41,79,13,17,11,20,'2017-04-02 07:59:34','2017-04-02 07:59:34'),(242,41,168,13,17,11,20,'2017-04-02 07:59:34','2017-04-02 07:59:34'),(243,41,92,23,20,25,17,'2017-04-02 07:59:34','2017-04-02 07:59:34'),(244,41,124,23,20,25,17,'2017-04-02 07:59:34','2017-04-02 07:59:34'),(245,41,113,23,20,25,17,'2017-04-02 07:59:34','2017-04-02 07:59:34'),(246,42,72,4,6,2,10,'2017-04-02 07:59:34','2017-04-02 07:59:34'),(247,42,8,13,17,11,20,'2017-04-02 07:59:34','2017-04-02 07:59:34'),(248,42,143,13,17,11,20,'2017-04-02 07:59:34','2017-04-02 07:59:34'),(249,42,168,23,20,25,17,'2017-04-02 07:59:34','2017-04-02 07:59:34'),(250,42,59,23,20,25,17,'2017-04-02 07:59:34','2017-04-02 07:59:34'),(251,42,158,23,20,25,17,'2017-04-02 07:59:34','2017-04-02 07:59:34'),(252,43,78,4,6,2,10,'2017-04-02 07:59:34','2017-04-02 07:59:34'),(253,43,168,13,17,11,20,'2017-04-02 07:59:34','2017-04-02 07:59:34'),(254,43,107,23,20,25,17,'2017-04-02 07:59:34','2017-04-02 07:59:34'),(255,43,75,23,20,25,17,'2017-04-02 07:59:34','2017-04-02 07:59:34'),(256,43,8,13,17,11,20,'2017-04-02 07:59:34','2017-04-02 07:59:34'),(257,43,85,23,20,25,17,'2017-04-02 07:59:34','2017-04-02 07:59:34'),(258,44,7,13,17,11,20,'2017-04-02 07:59:34','2017-04-02 07:59:34'),(259,44,21,23,20,25,17,'2017-04-02 07:59:34','2017-04-02 07:59:34'),(260,44,168,23,20,25,17,'2017-04-02 07:59:34','2017-04-02 07:59:34'),(261,44,109,13,17,11,20,'2017-04-02 07:59:34','2017-04-02 07:59:34'),(262,44,55,23,20,25,17,'2017-04-02 07:59:34','2017-04-02 07:59:34'),(263,44,12,4,6,2,10,'2017-04-02 07:59:34','2017-04-02 07:59:34'),(264,45,33,23,20,25,17,'2017-04-02 07:59:34','2017-04-02 07:59:34'),(265,45,86,23,20,25,17,'2017-04-02 07:59:34','2017-04-02 07:59:34'),(266,45,168,13,17,11,20,'2017-04-02 07:59:34','2017-04-02 07:59:34'),(267,45,97,4,6,2,10,'2017-04-02 07:59:34','2017-04-02 07:59:34'),(268,45,11,13,17,11,20,'2017-04-02 07:59:34','2017-04-02 07:59:34'),(269,45,25,23,20,25,17,'2017-04-02 07:59:34','2017-04-02 07:59:34'),(270,46,91,4,6,2,10,'2017-04-02 07:59:34','2017-04-02 07:59:34'),(271,46,164,13,17,11,20,'2017-04-02 07:59:34','2017-04-02 07:59:34'),(272,46,26,13,17,11,20,'2017-04-02 07:59:34','2017-04-02 07:59:34'),(273,46,117,23,20,25,17,'2017-04-02 07:59:34','2017-04-02 07:59:34'),(274,46,44,23,20,25,17,'2017-04-02 07:59:34','2017-04-02 07:59:34'),(275,46,168,23,20,25,17,'2017-04-02 07:59:34','2017-04-02 07:59:34'),(276,47,168,23,20,25,17,'2017-04-02 07:59:34','2017-04-02 07:59:34'),(277,47,27,23,20,25,17,'2017-04-02 07:59:34','2017-04-02 07:59:34'),(278,47,2,13,17,11,20,'2017-04-02 07:59:34','2017-04-02 07:59:34'),(279,47,25,23,20,25,17,'2017-04-02 07:59:34','2017-04-02 07:59:34'),(280,47,126,4,6,2,10,'2017-04-02 07:59:34','2017-04-02 07:59:34'),(281,47,142,13,17,11,20,'2017-04-02 07:59:34','2017-04-02 07:59:34'),(282,48,138,4,6,2,10,'2017-04-02 07:59:34','2017-04-02 07:59:34'),(283,48,8,13,17,11,20,'2017-04-02 07:59:34','2017-04-02 07:59:34'),(284,48,29,13,17,11,20,'2017-04-02 07:59:34','2017-04-02 07:59:34'),(285,48,158,23,20,25,17,'2017-04-02 07:59:34','2017-04-02 07:59:34'),(286,48,107,23,20,25,17,'2017-04-02 07:59:34','2017-04-02 07:59:34'),(287,48,124,23,20,25,17,'2017-04-02 07:59:34','2017-04-02 07:59:34'),(288,49,108,23,20,25,17,'2017-04-02 07:59:34','2017-04-02 07:59:34'),(289,49,154,4,6,2,10,'2017-04-02 07:59:34','2017-04-02 07:59:34'),(290,49,35,23,20,25,17,'2017-04-02 07:59:34','2017-04-02 07:59:34'),(291,49,44,23,20,25,17,'2017-04-02 07:59:34','2017-04-02 07:59:34'),(292,49,166,13,17,11,20,'2017-04-02 07:59:34','2017-04-02 07:59:34'),(293,49,168,13,17,11,20,'2017-04-02 07:59:34','2017-04-02 07:59:34'),(294,50,160,4,6,2,10,'2017-04-02 07:59:34','2017-04-02 07:59:34'),(295,50,75,23,20,25,17,'2017-04-02 07:59:34','2017-04-02 07:59:34'),(296,50,23,13,17,11,20,'2017-04-02 07:59:34','2017-04-02 07:59:34'),(297,50,145,23,20,25,17,'2017-04-02 07:59:34','2017-04-02 07:59:34'),(298,50,89,23,20,25,17,'2017-04-02 07:59:34','2017-04-02 07:59:34'),(299,50,18,13,17,11,20,'2017-04-02 07:59:34','2017-04-02 07:59:34'),(300,51,160,4,6,2,10,'2017-04-02 07:59:34','2017-04-02 07:59:34'),(301,51,110,13,17,11,20,'2017-04-02 07:59:34','2017-04-02 07:59:34'),(302,51,23,13,17,11,20,'2017-04-02 07:59:34','2017-04-02 07:59:34'),(303,51,144,23,20,25,17,'2017-04-02 07:59:34','2017-04-02 07:59:34'),(304,51,151,23,20,25,17,'2017-04-02 07:59:35','2017-04-02 07:59:35'),(305,51,145,23,20,25,17,'2017-04-02 07:59:35','2017-04-02 07:59:35'),(306,52,160,4,6,2,10,'2017-04-02 07:59:35','2017-04-02 07:59:35'),(307,52,36,13,17,11,20,'2017-04-02 07:59:35','2017-04-02 07:59:35'),(308,52,168,13,17,11,20,'2017-04-02 07:59:35','2017-04-02 07:59:35'),(309,52,113,23,20,25,17,'2017-04-02 07:59:35','2017-04-02 07:59:35'),(310,52,145,23,20,25,17,'2017-04-02 07:59:35','2017-04-02 07:59:35'),(311,52,107,23,20,25,17,'2017-04-02 07:59:35','2017-04-02 07:59:35'),(312,53,147,4,6,2,10,'2017-04-02 07:59:35','2017-04-02 07:59:35'),(313,53,23,13,17,11,20,'2017-04-02 07:59:35','2017-04-02 07:59:35'),(314,53,140,13,17,11,20,'2017-04-02 07:59:35','2017-04-02 07:59:35'),(315,53,162,23,20,25,17,'2017-04-02 07:59:35','2017-04-02 07:59:35'),(316,53,44,23,20,25,17,'2017-04-02 07:59:35','2017-04-02 07:59:35'),(317,53,168,23,20,25,17,'2017-04-02 07:59:35','2017-04-02 07:59:35'),(318,54,5,4,6,2,10,'2017-04-02 07:59:35','2017-04-02 07:59:35'),(319,54,39,13,17,11,20,'2017-04-02 07:59:35','2017-04-02 07:59:35'),(320,54,157,13,17,11,20,'2017-04-02 07:59:35','2017-04-02 07:59:35'),(321,54,35,23,20,25,17,'2017-04-02 07:59:35','2017-04-02 07:59:35'),(322,54,22,23,20,25,17,'2017-04-02 07:59:35','2017-04-02 07:59:35'),(323,54,168,23,20,25,17,'2017-04-02 07:59:35','2017-04-02 07:59:35'),(324,55,14,4,6,2,10,'2017-04-02 07:59:35','2017-04-02 07:59:35'),(325,55,160,13,17,11,20,'2017-04-02 07:59:35','2017-04-02 07:59:35'),(326,55,29,13,17,11,20,'2017-04-02 07:59:35','2017-04-02 07:59:35'),(327,55,116,23,20,25,17,'2017-04-02 07:59:35','2017-04-02 07:59:35'),(328,55,145,23,20,25,17,'2017-04-02 07:59:35','2017-04-02 07:59:35'),(329,55,27,23,20,25,17,'2017-04-02 07:59:35','2017-04-02 07:59:35'),(330,56,42,4,6,2,10,'2017-04-02 07:59:35','2017-04-02 07:59:35'),(331,56,90,23,20,25,17,'2017-04-02 07:59:35','2017-04-02 07:59:35'),(332,56,144,13,17,11,20,'2017-04-02 07:59:35','2017-04-02 07:59:35'),(333,56,151,23,20,25,17,'2017-04-02 07:59:35','2017-04-02 07:59:35'),(334,56,17,23,20,25,17,'2017-04-02 07:59:35','2017-04-02 07:59:35'),(335,56,168,13,17,11,20,'2017-04-02 07:59:35','2017-04-02 07:59:35'),(336,57,103,4,6,2,10,'2017-04-02 07:59:35','2017-04-02 07:59:35'),(337,57,133,13,17,11,20,'2017-04-02 07:59:35','2017-04-02 07:59:35'),(338,57,79,13,17,11,20,'2017-04-02 07:59:35','2017-04-02 07:59:35'),(339,57,76,23,20,25,17,'2017-04-02 07:59:35','2017-04-02 07:59:35'),(340,57,158,23,20,25,17,'2017-04-02 07:59:35','2017-04-02 07:59:35'),(341,57,168,23,20,25,17,'2017-04-02 07:59:35','2017-04-02 07:59:35'),(342,58,84,23,20,25,17,'2017-04-02 07:59:36','2017-04-02 07:59:36'),(343,58,156,4,6,2,10,'2017-04-02 07:59:36','2017-04-02 07:59:36'),(344,58,54,23,20,25,17,'2017-04-02 07:59:36','2017-04-02 07:59:36'),(345,58,168,13,17,11,20,'2017-04-02 07:59:36','2017-04-02 07:59:36'),(346,58,151,23,20,25,17,'2017-04-02 07:59:36','2017-04-02 07:59:36'),(347,58,98,13,17,11,20,'2017-04-02 07:59:36','2017-04-02 07:59:36'),(348,59,94,4,6,2,10,'2017-04-02 07:59:36','2017-04-02 07:59:36'),(349,59,56,13,17,11,20,'2017-04-02 07:59:36','2017-04-02 07:59:36'),(350,59,11,13,17,11,20,'2017-04-02 07:59:36','2017-04-02 07:59:36'),(351,59,85,23,20,25,17,'2017-04-02 07:59:36','2017-04-02 07:59:36'),(352,59,108,23,20,25,17,'2017-04-02 07:59:36','2017-04-02 07:59:36'),(353,59,116,23,20,25,17,'2017-04-02 07:59:36','2017-04-02 07:59:36'),(354,60,96,4,6,2,10,'2017-04-02 07:59:36','2017-04-02 07:59:36'),(355,60,168,13,17,11,20,'2017-04-02 07:59:36','2017-04-02 07:59:36'),(356,60,161,13,17,11,20,'2017-04-02 07:59:36','2017-04-02 07:59:36'),(357,60,116,23,20,25,17,'2017-04-02 07:59:36','2017-04-02 07:59:36'),(358,60,10,23,20,25,17,'2017-04-02 07:59:36','2017-04-02 07:59:36'),(359,60,24,23,20,25,17,'2017-04-02 07:59:36','2017-04-02 07:59:36'),(360,61,95,4,6,2,10,'2017-04-02 07:59:36','2017-04-02 07:59:36'),(361,61,12,13,17,11,20,'2017-04-02 07:59:36','2017-04-02 07:59:36'),(362,61,7,13,17,11,20,'2017-04-02 07:59:36','2017-04-02 07:59:36'),(363,61,124,23,20,25,17,'2017-04-02 07:59:36','2017-04-02 07:59:36'),(364,61,168,23,20,25,17,'2017-04-02 07:59:36','2017-04-02 07:59:36'),(365,61,71,23,20,25,17,'2017-04-02 07:59:36','2017-04-02 07:59:36'),(366,62,121,4,6,2,10,'2017-04-02 07:59:36','2017-04-02 07:59:36'),(367,62,143,13,17,11,20,'2017-04-02 07:59:36','2017-04-02 07:59:36'),(368,62,168,13,17,11,20,'2017-04-02 07:59:36','2017-04-02 07:59:36'),(369,62,33,23,20,25,17,'2017-04-02 07:59:36','2017-04-02 07:59:36'),(370,62,85,23,20,25,17,'2017-04-02 07:59:36','2017-04-02 07:59:36'),(371,62,131,23,20,25,17,'2017-04-02 07:59:36','2017-04-02 07:59:36'),(372,63,105,13,17,11,20,'2017-04-02 07:59:36','2017-04-02 07:59:36'),(373,63,122,4,6,2,10,'2017-04-02 07:59:36','2017-04-02 07:59:36'),(374,63,31,23,20,25,17,'2017-04-02 07:59:36','2017-04-02 07:59:36'),(375,63,115,23,20,25,17,'2017-04-02 07:59:36','2017-04-02 07:59:36'),(376,63,101,23,20,25,17,'2017-04-02 07:59:36','2017-04-02 07:59:36'),(377,63,117,13,17,11,20,'2017-04-02 07:59:36','2017-04-02 07:59:36'),(378,64,132,23,20,25,17,'2017-04-02 07:59:36','2017-04-02 07:59:36'),(379,64,168,13,17,11,20,'2017-04-02 07:59:36','2017-04-02 07:59:36'),(380,64,150,13,17,11,20,'2017-04-02 07:59:36','2017-04-02 07:59:36'),(381,64,136,4,6,2,10,'2017-04-02 07:59:36','2017-04-02 07:59:36'),(382,64,32,23,20,25,17,'2017-04-02 07:59:36','2017-04-02 07:59:36'),(383,64,30,23,20,25,17,'2017-04-02 07:59:36','2017-04-02 07:59:36'),(384,65,130,4,6,2,10,'2017-04-02 07:59:36','2017-04-02 07:59:36'),(385,65,69,13,17,11,20,'2017-04-02 07:59:36','2017-04-02 07:59:36'),(386,65,63,13,17,11,20,'2017-04-02 07:59:36','2017-04-02 07:59:36'),(387,65,82,23,20,25,17,'2017-04-02 07:59:36','2017-04-02 07:59:36'),(388,65,49,23,20,25,17,'2017-04-02 07:59:36','2017-04-02 07:59:36'),(389,65,118,23,20,25,17,'2017-04-02 07:59:36','2017-04-02 07:59:36'),(390,66,138,4,6,2,10,'2017-04-02 07:59:36','2017-04-02 07:59:36'),(391,66,13,13,17,11,20,'2017-04-02 07:59:36','2017-04-02 07:59:36'),(392,66,58,13,17,11,20,'2017-04-02 07:59:36','2017-04-02 07:59:36'),(393,66,168,23,20,25,17,'2017-04-02 07:59:36','2017-04-02 07:59:36'),(394,66,44,23,20,25,17,'2017-04-02 07:59:36','2017-04-02 07:59:36'),(395,66,28,23,20,25,17,'2017-04-02 07:59:36','2017-04-02 07:59:36'),(396,67,102,23,20,25,17,'2017-04-02 07:59:37','2017-04-02 07:59:37'),(397,67,168,23,20,25,17,'2017-04-02 07:59:37','2017-04-02 07:59:37'),(398,67,26,13,17,11,20,'2017-04-02 07:59:37','2017-04-02 07:59:37'),(399,67,164,13,17,11,20,'2017-04-02 07:59:37','2017-04-02 07:59:37'),(400,67,44,23,20,25,17,'2017-04-02 07:59:37','2017-04-02 07:59:37'),(401,67,99,4,6,2,10,'2017-04-02 07:59:37','2017-04-02 07:59:37'),(402,68,153,4,6,2,10,'2017-04-02 07:59:37','2017-04-02 07:59:37'),(403,68,66,13,17,11,20,'2017-04-02 07:59:37','2017-04-02 07:59:37'),(404,68,168,13,17,11,20,'2017-04-02 07:59:37','2017-04-02 07:59:37'),(405,68,56,23,20,25,17,'2017-04-02 07:59:37','2017-04-02 07:59:37'),(406,68,24,23,20,25,17,'2017-04-02 07:59:37','2017-04-02 07:59:37'),(407,68,65,23,20,25,17,'2017-04-02 07:59:37','2017-04-02 07:59:37'),(408,69,155,4,6,2,10,'2017-04-02 07:59:37','2017-04-02 07:59:37'),(409,69,140,13,17,11,20,'2017-04-02 07:59:37','2017-04-02 07:59:37'),(410,69,168,13,17,11,20,'2017-04-02 07:59:37','2017-04-02 07:59:37'),(411,69,65,23,20,25,17,'2017-04-02 07:59:37','2017-04-02 07:59:37'),(412,69,116,23,20,25,17,'2017-04-02 07:59:37','2017-04-02 07:59:37'),(413,69,35,23,20,25,17,'2017-04-02 07:59:37','2017-04-02 07:59:37'),(414,70,163,4,6,2,10,'2017-04-02 07:59:37','2017-04-02 07:59:37'),(415,70,123,13,17,11,20,'2017-04-02 07:59:37','2017-04-02 07:59:37'),(416,70,11,13,17,11,20,'2017-04-02 07:59:37','2017-04-02 07:59:37'),(417,70,37,23,20,25,17,'2017-04-02 07:59:37','2017-04-02 07:59:37'),(418,70,141,23,20,25,17,'2017-04-02 07:59:37','2017-04-02 07:59:37'),(419,70,27,23,20,25,17,'2017-04-02 07:59:37','2017-04-02 07:59:37');
/*!40000 ALTER TABLE `relics_rewards` ENABLE KEYS */;
UNLOCK TABLES;

--
-- Table structure for table `relics_sources`
--

DROP TABLE IF EXISTS `relics_sources`;
/*!40101 SET @saved_cs_client     = @@character_set_client */;
/*!40101 SET character_set_client = utf8 */;
CREATE TABLE `relics_sources` (
  `id` int(11) NOT NULL AUTO_INCREMENT,
  `relics_id` int(11) NOT NULL,
  `sources_id` int(11) NOT NULL,
  `created_at` timestamp NULL DEFAULT CURRENT_TIMESTAMP,
  `updated_at` timestamp NULL DEFAULT CURRENT_TIMESTAMP,
  PRIMARY KEY (`id`),
  KEY `fk_relic_sources_id_idx` (`sources_id`),
  KEY `fk_sources_relic_id_idx` (`relics_id`),
  CONSTRAINT `fk_relic_sources_id` FOREIGN KEY (`sources_id`) REFERENCES `sources` (`id`) ON DELETE NO ACTION ON UPDATE NO ACTION,
  CONSTRAINT `fk_sources_relic_id` FOREIGN KEY (`relics_id`) REFERENCES `relics` (`id`) ON DELETE CASCADE ON UPDATE NO ACTION
) ENGINE=InnoDB AUTO_INCREMENT=352 DEFAULT CHARSET=utf8;
/*!40101 SET character_set_client = @saved_cs_client */;

--
-- Dumping data for table `relics_sources`
--

LOCK TABLES `relics_sources` WRITE;
/*!40000 ALTER TABLE `relics_sources` DISABLE KEYS */;
INSERT INTO `relics_sources` VALUES (1,9,1,'2017-04-02 07:59:29','2017-04-02 07:59:29'),(2,9,2,'2017-04-02 07:59:29','2017-04-02 07:59:29'),(3,9,3,'2017-04-02 07:59:29','2017-04-02 07:59:29'),(4,9,4,'2017-04-02 07:59:29','2017-04-02 07:59:29'),(5,9,5,'2017-04-02 07:59:29','2017-04-02 07:59:29'),(6,9,6,'2017-04-02 07:59:29','2017-04-02 07:59:29'),(7,9,7,'2017-04-02 07:59:29','2017-04-02 07:59:29'),(8,9,8,'2017-04-02 07:59:29','2017-04-02 07:59:29'),(9,9,9,'2017-04-02 07:59:29','2017-04-02 07:59:29'),(10,9,10,'2017-04-02 07:59:29','2017-04-02 07:59:29'),(11,9,11,'2017-04-02 07:59:29','2017-04-02 07:59:29'),(12,13,1,'2017-04-02 07:59:30','2017-04-02 07:59:30'),(13,13,2,'2017-04-02 07:59:30','2017-04-02 07:59:30'),(14,13,3,'2017-04-02 07:59:30','2017-04-02 07:59:30'),(15,13,4,'2017-04-02 07:59:30','2017-04-02 07:59:30'),(16,13,5,'2017-04-02 07:59:30','2017-04-02 07:59:30'),(17,13,6,'2017-04-02 07:59:30','2017-04-02 07:59:30'),(18,13,7,'2017-04-02 07:59:30','2017-04-02 07:59:30'),(19,13,8,'2017-04-02 07:59:30','2017-04-02 07:59:30'),(20,13,9,'2017-04-02 07:59:30','2017-04-02 07:59:30'),(21,13,10,'2017-04-02 07:59:30','2017-04-02 07:59:30'),(22,13,11,'2017-04-02 07:59:30','2017-04-02 07:59:30'),(23,14,2,'2017-04-02 07:59:30','2017-04-02 07:59:30'),(24,14,3,'2017-04-02 07:59:30','2017-04-02 07:59:30'),(25,14,5,'2017-04-02 07:59:30','2017-04-02 07:59:30'),(26,14,6,'2017-04-02 07:59:30','2017-04-02 07:59:30'),(27,14,7,'2017-04-02 07:59:30','2017-04-02 07:59:30'),(28,14,8,'2017-04-02 07:59:30','2017-04-02 07:59:30'),(29,14,9,'2017-04-02 07:59:30','2017-04-02 07:59:30'),(30,14,10,'2017-04-02 07:59:30','2017-04-02 07:59:30'),(31,14,11,'2017-04-02 07:59:30','2017-04-02 07:59:30'),(32,16,2,'2017-04-02 07:59:30','2017-04-02 07:59:30'),(33,16,3,'2017-04-02 07:59:30','2017-04-02 07:59:30'),(34,16,4,'2017-04-02 07:59:30','2017-04-02 07:59:30'),(35,16,5,'2017-04-02 07:59:30','2017-04-02 07:59:30'),(36,16,6,'2017-04-02 07:59:30','2017-04-02 07:59:30'),(37,16,7,'2017-04-02 07:59:30','2017-04-02 07:59:30'),(38,16,8,'2017-04-02 07:59:30','2017-04-02 07:59:30'),(39,16,9,'2017-04-02 07:59:30','2017-04-02 07:59:30'),(40,16,10,'2017-04-02 07:59:30','2017-04-02 07:59:30'),(41,16,11,'2017-04-02 07:59:30','2017-04-02 07:59:30'),(42,17,2,'2017-04-02 07:59:30','2017-04-02 07:59:30'),(43,17,4,'2017-04-02 07:59:30','2017-04-02 07:59:30'),(44,17,5,'2017-04-02 07:59:30','2017-04-02 07:59:30'),(45,17,6,'2017-04-02 07:59:30','2017-04-02 07:59:30'),(46,17,7,'2017-04-02 07:59:30','2017-04-02 07:59:30'),(47,17,8,'2017-04-02 07:59:30','2017-04-02 07:59:30'),(48,17,10,'2017-04-02 07:59:30','2017-04-02 07:59:30'),(49,17,11,'2017-04-02 07:59:30','2017-04-02 07:59:30'),(50,21,12,'2017-04-02 07:59:31','2017-04-02 07:59:31'),(51,21,3,'2017-04-02 07:59:31','2017-04-02 07:59:31'),(52,21,4,'2017-04-02 07:59:31','2017-04-02 07:59:31'),(53,21,13,'2017-04-02 07:59:31','2017-04-02 07:59:31'),(54,21,5,'2017-04-02 07:59:31','2017-04-02 07:59:31'),(55,21,14,'2017-04-02 07:59:31','2017-04-02 07:59:31'),(56,21,8,'2017-04-02 07:59:31','2017-04-02 07:59:31'),(57,21,15,'2017-04-02 07:59:31','2017-04-02 07:59:31'),(58,21,9,'2017-04-02 07:59:31','2017-04-02 07:59:31'),(59,21,16,'2017-04-02 07:59:31','2017-04-02 07:59:31'),(60,21,17,'2017-04-02 07:59:31','2017-04-02 07:59:31'),(61,22,12,'2017-04-02 07:59:31','2017-04-02 07:59:31'),(62,22,3,'2017-04-02 07:59:31','2017-04-02 07:59:31'),(63,22,4,'2017-04-02 07:59:31','2017-04-02 07:59:31'),(64,22,13,'2017-04-02 07:59:31','2017-04-02 07:59:31'),(65,22,5,'2017-04-02 07:59:31','2017-04-02 07:59:31'),(66,22,14,'2017-04-02 07:59:31','2017-04-02 07:59:31'),(67,22,8,'2017-04-02 07:59:31','2017-04-02 07:59:31'),(68,22,15,'2017-04-02 07:59:31','2017-04-02 07:59:31'),(69,22,9,'2017-04-02 07:59:31','2017-04-02 07:59:31'),(70,22,16,'2017-04-02 07:59:31','2017-04-02 07:59:31'),(71,22,17,'2017-04-02 07:59:31','2017-04-02 07:59:31'),(72,26,12,'2017-04-02 07:59:31','2017-04-02 07:59:31'),(73,26,1,'2017-04-02 07:59:31','2017-04-02 07:59:31'),(74,26,3,'2017-04-02 07:59:31','2017-04-02 07:59:31'),(75,26,4,'2017-04-02 07:59:31','2017-04-02 07:59:31'),(76,26,13,'2017-04-02 07:59:31','2017-04-02 07:59:31'),(77,26,5,'2017-04-02 07:59:31','2017-04-02 07:59:31'),(78,26,14,'2017-04-02 07:59:31','2017-04-02 07:59:31'),(79,26,8,'2017-04-02 07:59:31','2017-04-02 07:59:31'),(80,26,15,'2017-04-02 07:59:31','2017-04-02 07:59:31'),(81,26,9,'2017-04-02 07:59:31','2017-04-02 07:59:31'),(82,26,16,'2017-04-02 07:59:31','2017-04-02 07:59:31'),(83,26,17,'2017-04-02 07:59:31','2017-04-02 07:59:31'),(84,28,12,'2017-04-02 07:59:31','2017-04-02 07:59:31'),(85,28,1,'2017-04-02 07:59:31','2017-04-02 07:59:31'),(86,28,3,'2017-04-02 07:59:32','2017-04-02 07:59:32'),(87,28,4,'2017-04-02 07:59:32','2017-04-02 07:59:32'),(88,28,13,'2017-04-02 07:59:32','2017-04-02 07:59:32'),(89,28,5,'2017-04-02 07:59:32','2017-04-02 07:59:32'),(90,28,14,'2017-04-02 07:59:32','2017-04-02 07:59:32'),(91,28,8,'2017-04-02 07:59:32','2017-04-02 07:59:32'),(92,28,15,'2017-04-02 07:59:32','2017-04-02 07:59:32'),(93,28,9,'2017-04-02 07:59:32','2017-04-02 07:59:32'),(94,28,16,'2017-04-02 07:59:32','2017-04-02 07:59:32'),(95,28,17,'2017-04-02 07:59:32','2017-04-02 07:59:32'),(96,29,12,'2017-04-02 07:59:32','2017-04-02 07:59:32'),(97,29,1,'2017-04-02 07:59:32','2017-04-02 07:59:32'),(98,29,3,'2017-04-02 07:59:32','2017-04-02 07:59:32'),(99,29,4,'2017-04-02 07:59:32','2017-04-02 07:59:32'),(100,29,13,'2017-04-02 07:59:32','2017-04-02 07:59:32'),(101,29,5,'2017-04-02 07:59:32','2017-04-02 07:59:32'),(102,29,14,'2017-04-02 07:59:32','2017-04-02 07:59:32'),(103,29,8,'2017-04-02 07:59:32','2017-04-02 07:59:32'),(104,29,15,'2017-04-02 07:59:32','2017-04-02 07:59:32'),(105,29,9,'2017-04-02 07:59:32','2017-04-02 07:59:32'),(106,29,16,'2017-04-02 07:59:32','2017-04-02 07:59:32'),(107,29,17,'2017-04-02 07:59:32','2017-04-02 07:59:32'),(108,30,12,'2017-04-02 07:59:32','2017-04-02 07:59:32'),(109,30,1,'2017-04-02 07:59:32','2017-04-02 07:59:32'),(110,30,3,'2017-04-02 07:59:32','2017-04-02 07:59:32'),(111,30,4,'2017-04-02 07:59:32','2017-04-02 07:59:32'),(112,30,13,'2017-04-02 07:59:32','2017-04-02 07:59:32'),(113,30,5,'2017-04-02 07:59:32','2017-04-02 07:59:32'),(114,30,14,'2017-04-02 07:59:32','2017-04-02 07:59:32'),(115,30,8,'2017-04-02 07:59:32','2017-04-02 07:59:32'),(116,30,15,'2017-04-02 07:59:32','2017-04-02 07:59:32'),(117,30,9,'2017-04-02 07:59:32','2017-04-02 07:59:32'),(118,30,16,'2017-04-02 07:59:32','2017-04-02 07:59:32'),(119,30,17,'2017-04-02 07:59:32','2017-04-02 07:59:32'),(120,31,12,'2017-04-02 07:59:32','2017-04-02 07:59:32'),(121,31,3,'2017-04-02 07:59:32','2017-04-02 07:59:32'),(122,31,4,'2017-04-02 07:59:32','2017-04-02 07:59:32'),(123,31,13,'2017-04-02 07:59:32','2017-04-02 07:59:32'),(124,31,5,'2017-04-02 07:59:32','2017-04-02 07:59:32'),(125,31,14,'2017-04-02 07:59:32','2017-04-02 07:59:32'),(126,31,8,'2017-04-02 07:59:32','2017-04-02 07:59:32'),(127,31,15,'2017-04-02 07:59:32','2017-04-02 07:59:32'),(128,31,9,'2017-04-02 07:59:32','2017-04-02 07:59:32'),(129,31,16,'2017-04-02 07:59:32','2017-04-02 07:59:32'),(130,31,17,'2017-04-02 07:59:32','2017-04-02 07:59:32'),(131,34,12,'2017-04-02 07:59:32','2017-04-02 07:59:32'),(132,34,1,'2017-04-02 07:59:32','2017-04-02 07:59:32'),(133,34,3,'2017-04-02 07:59:33','2017-04-02 07:59:33'),(134,34,4,'2017-04-02 07:59:33','2017-04-02 07:59:33'),(135,34,13,'2017-04-02 07:59:33','2017-04-02 07:59:33'),(136,34,5,'2017-04-02 07:59:33','2017-04-02 07:59:33'),(137,34,14,'2017-04-02 07:59:33','2017-04-02 07:59:33'),(138,34,8,'2017-04-02 07:59:33','2017-04-02 07:59:33'),(139,34,15,'2017-04-02 07:59:33','2017-04-02 07:59:33'),(140,34,9,'2017-04-02 07:59:33','2017-04-02 07:59:33'),(141,34,16,'2017-04-02 07:59:33','2017-04-02 07:59:33'),(142,34,17,'2017-04-02 07:59:33','2017-04-02 07:59:33'),(143,35,18,'2017-04-02 07:59:33','2017-04-02 07:59:33'),(144,35,19,'2017-04-02 07:59:33','2017-04-02 07:59:33'),(145,35,6,'2017-04-02 07:59:33','2017-04-02 07:59:33'),(146,35,20,'2017-04-02 07:59:33','2017-04-02 07:59:33'),(147,35,21,'2017-04-02 07:59:33','2017-04-02 07:59:33'),(148,35,22,'2017-04-02 07:59:33','2017-04-02 07:59:33'),(149,35,23,'2017-04-02 07:59:33','2017-04-02 07:59:33'),(150,35,24,'2017-04-02 07:59:33','2017-04-02 07:59:33'),(151,35,25,'2017-04-02 07:59:33','2017-04-02 07:59:33'),(152,35,26,'2017-04-02 07:59:33','2017-04-02 07:59:33'),(153,37,18,'2017-04-02 07:59:33','2017-04-02 07:59:33'),(154,37,19,'2017-04-02 07:59:33','2017-04-02 07:59:33'),(155,37,6,'2017-04-02 07:59:33','2017-04-02 07:59:33'),(156,37,20,'2017-04-02 07:59:33','2017-04-02 07:59:33'),(157,37,21,'2017-04-02 07:59:33','2017-04-02 07:59:33'),(158,37,22,'2017-04-02 07:59:33','2017-04-02 07:59:33'),(159,37,23,'2017-04-02 07:59:33','2017-04-02 07:59:33'),(160,37,24,'2017-04-02 07:59:33','2017-04-02 07:59:33'),(161,37,25,'2017-04-02 07:59:33','2017-04-02 07:59:33'),(162,37,26,'2017-04-02 07:59:33','2017-04-02 07:59:33'),(163,38,18,'2017-04-02 07:59:33','2017-04-02 07:59:33'),(164,38,19,'2017-04-02 07:59:33','2017-04-02 07:59:33'),(165,38,6,'2017-04-02 07:59:33','2017-04-02 07:59:33'),(166,38,20,'2017-04-02 07:59:33','2017-04-02 07:59:33'),(167,38,21,'2017-04-02 07:59:33','2017-04-02 07:59:33'),(168,38,22,'2017-04-02 07:59:33','2017-04-02 07:59:33'),(169,38,23,'2017-04-02 07:59:33','2017-04-02 07:59:33'),(170,38,24,'2017-04-02 07:59:33','2017-04-02 07:59:33'),(171,38,25,'2017-04-02 07:59:33','2017-04-02 07:59:33'),(172,38,26,'2017-04-02 07:59:33','2017-04-02 07:59:33'),(173,40,18,'2017-04-02 07:59:33','2017-04-02 07:59:33'),(174,40,19,'2017-04-02 07:59:33','2017-04-02 07:59:33'),(175,40,6,'2017-04-02 07:59:33','2017-04-02 07:59:33'),(176,40,20,'2017-04-02 07:59:33','2017-04-02 07:59:33'),(177,40,21,'2017-04-02 07:59:33','2017-04-02 07:59:33'),(178,40,22,'2017-04-02 07:59:34','2017-04-02 07:59:34'),(179,40,23,'2017-04-02 07:59:34','2017-04-02 07:59:34'),(180,40,24,'2017-04-02 07:59:34','2017-04-02 07:59:34'),(181,40,25,'2017-04-02 07:59:34','2017-04-02 07:59:34'),(182,40,26,'2017-04-02 07:59:34','2017-04-02 07:59:34'),(183,41,18,'2017-04-02 07:59:34','2017-04-02 07:59:34'),(184,41,19,'2017-04-02 07:59:34','2017-04-02 07:59:34'),(185,41,6,'2017-04-02 07:59:34','2017-04-02 07:59:34'),(186,41,20,'2017-04-02 07:59:34','2017-04-02 07:59:34'),(187,41,21,'2017-04-02 07:59:34','2017-04-02 07:59:34'),(188,41,22,'2017-04-02 07:59:34','2017-04-02 07:59:34'),(189,41,23,'2017-04-02 07:59:34','2017-04-02 07:59:34'),(190,41,24,'2017-04-02 07:59:34','2017-04-02 07:59:34'),(191,41,25,'2017-04-02 07:59:34','2017-04-02 07:59:34'),(192,41,26,'2017-04-02 07:59:34','2017-04-02 07:59:34'),(193,42,18,'2017-04-02 07:59:34','2017-04-02 07:59:34'),(194,42,19,'2017-04-02 07:59:34','2017-04-02 07:59:34'),(195,42,6,'2017-04-02 07:59:34','2017-04-02 07:59:34'),(196,42,20,'2017-04-02 07:59:34','2017-04-02 07:59:34'),(197,42,21,'2017-04-02 07:59:34','2017-04-02 07:59:34'),(198,42,22,'2017-04-02 07:59:34','2017-04-02 07:59:34'),(199,42,23,'2017-04-02 07:59:34','2017-04-02 07:59:34'),(200,42,24,'2017-04-02 07:59:34','2017-04-02 07:59:34'),(201,42,25,'2017-04-02 07:59:34','2017-04-02 07:59:34'),(202,42,26,'2017-04-02 07:59:34','2017-04-02 07:59:34'),(203,45,18,'2017-04-02 07:59:34','2017-04-02 07:59:34'),(204,45,19,'2017-04-02 07:59:34','2017-04-02 07:59:34'),(205,45,6,'2017-04-02 07:59:34','2017-04-02 07:59:34'),(206,45,20,'2017-04-02 07:59:34','2017-04-02 07:59:34'),(207,45,21,'2017-04-02 07:59:34','2017-04-02 07:59:34'),(208,45,22,'2017-04-02 07:59:34','2017-04-02 07:59:34'),(209,45,23,'2017-04-02 07:59:34','2017-04-02 07:59:34'),(210,45,24,'2017-04-02 07:59:34','2017-04-02 07:59:34'),(211,45,25,'2017-04-02 07:59:34','2017-04-02 07:59:34'),(212,45,26,'2017-04-02 07:59:34','2017-04-02 07:59:34'),(213,53,18,'2017-04-02 07:59:35','2017-04-02 07:59:35'),(214,53,19,'2017-04-02 07:59:35','2017-04-02 07:59:35'),(215,53,6,'2017-04-02 07:59:35','2017-04-02 07:59:35'),(216,53,20,'2017-04-02 07:59:35','2017-04-02 07:59:35'),(217,53,21,'2017-04-02 07:59:35','2017-04-02 07:59:35'),(218,53,22,'2017-04-02 07:59:35','2017-04-02 07:59:35'),(219,53,23,'2017-04-02 07:59:35','2017-04-02 07:59:35'),(220,53,24,'2017-04-02 07:59:35','2017-04-02 07:59:35'),(221,53,25,'2017-04-02 07:59:35','2017-04-02 07:59:35'),(222,53,26,'2017-04-02 07:59:35','2017-04-02 07:59:35'),(223,54,3,'2017-04-02 07:59:35','2017-04-02 07:59:35'),(224,54,18,'2017-04-02 07:59:35','2017-04-02 07:59:35'),(225,54,13,'2017-04-02 07:59:35','2017-04-02 07:59:35'),(226,54,19,'2017-04-02 07:59:35','2017-04-02 07:59:35'),(227,54,6,'2017-04-02 07:59:35','2017-04-02 07:59:35'),(228,54,20,'2017-04-02 07:59:35','2017-04-02 07:59:35'),(229,54,14,'2017-04-02 07:59:35','2017-04-02 07:59:35'),(230,54,22,'2017-04-02 07:59:35','2017-04-02 07:59:35'),(231,54,15,'2017-04-02 07:59:35','2017-04-02 07:59:35'),(232,54,9,'2017-04-02 07:59:35','2017-04-02 07:59:35'),(233,54,23,'2017-04-02 07:59:35','2017-04-02 07:59:35'),(234,54,16,'2017-04-02 07:59:35','2017-04-02 07:59:35'),(235,54,24,'2017-04-02 07:59:35','2017-04-02 07:59:35'),(236,54,25,'2017-04-02 07:59:35','2017-04-02 07:59:35'),(237,54,17,'2017-04-02 07:59:35','2017-04-02 07:59:35'),(238,54,26,'2017-04-02 07:59:35','2017-04-02 07:59:35'),(239,55,1,'2017-04-02 07:59:35','2017-04-02 07:59:35'),(240,55,3,'2017-04-02 07:59:35','2017-04-02 07:59:35'),(241,55,18,'2017-04-02 07:59:35','2017-04-02 07:59:35'),(242,55,13,'2017-04-02 07:59:35','2017-04-02 07:59:35'),(243,55,19,'2017-04-02 07:59:35','2017-04-02 07:59:35'),(244,55,6,'2017-04-02 07:59:35','2017-04-02 07:59:35'),(245,55,20,'2017-04-02 07:59:35','2017-04-02 07:59:35'),(246,55,14,'2017-04-02 07:59:35','2017-04-02 07:59:35'),(247,55,22,'2017-04-02 07:59:35','2017-04-02 07:59:35'),(248,55,15,'2017-04-02 07:59:35','2017-04-02 07:59:35'),(249,55,9,'2017-04-02 07:59:35','2017-04-02 07:59:35'),(250,55,23,'2017-04-02 07:59:35','2017-04-02 07:59:35'),(251,55,16,'2017-04-02 07:59:35','2017-04-02 07:59:35'),(252,55,24,'2017-04-02 07:59:35','2017-04-02 07:59:35'),(253,55,25,'2017-04-02 07:59:35','2017-04-02 07:59:35'),(254,55,17,'2017-04-02 07:59:35','2017-04-02 07:59:35'),(255,55,26,'2017-04-02 07:59:35','2017-04-02 07:59:35'),(256,60,3,'2017-04-02 07:59:36','2017-04-02 07:59:36'),(257,60,18,'2017-04-02 07:59:36','2017-04-02 07:59:36'),(258,60,13,'2017-04-02 07:59:36','2017-04-02 07:59:36'),(259,60,19,'2017-04-02 07:59:36','2017-04-02 07:59:36'),(260,60,6,'2017-04-02 07:59:36','2017-04-02 07:59:36'),(261,60,20,'2017-04-02 07:59:36','2017-04-02 07:59:36'),(262,60,14,'2017-04-02 07:59:36','2017-04-02 07:59:36'),(263,60,22,'2017-04-02 07:59:36','2017-04-02 07:59:36'),(264,60,15,'2017-04-02 07:59:36','2017-04-02 07:59:36'),(265,60,9,'2017-04-02 07:59:36','2017-04-02 07:59:36'),(266,60,23,'2017-04-02 07:59:36','2017-04-02 07:59:36'),(267,60,16,'2017-04-02 07:59:36','2017-04-02 07:59:36'),(268,60,24,'2017-04-02 07:59:36','2017-04-02 07:59:36'),(269,60,25,'2017-04-02 07:59:36','2017-04-02 07:59:36'),(270,60,17,'2017-04-02 07:59:36','2017-04-02 07:59:36'),(271,60,26,'2017-04-02 07:59:36','2017-04-02 07:59:36'),(272,61,1,'2017-04-02 07:59:36','2017-04-02 07:59:36'),(273,61,3,'2017-04-02 07:59:36','2017-04-02 07:59:36'),(274,61,18,'2017-04-02 07:59:36','2017-04-02 07:59:36'),(275,61,13,'2017-04-02 07:59:36','2017-04-02 07:59:36'),(276,61,19,'2017-04-02 07:59:36','2017-04-02 07:59:36'),(277,61,6,'2017-04-02 07:59:36','2017-04-02 07:59:36'),(278,61,20,'2017-04-02 07:59:36','2017-04-02 07:59:36'),(279,61,14,'2017-04-02 07:59:36','2017-04-02 07:59:36'),(280,61,22,'2017-04-02 07:59:36','2017-04-02 07:59:36'),(281,61,15,'2017-04-02 07:59:36','2017-04-02 07:59:36'),(282,61,9,'2017-04-02 07:59:36','2017-04-02 07:59:36'),(283,61,23,'2017-04-02 07:59:36','2017-04-02 07:59:36'),(284,61,16,'2017-04-02 07:59:36','2017-04-02 07:59:36'),(285,61,24,'2017-04-02 07:59:36','2017-04-02 07:59:36'),(286,61,25,'2017-04-02 07:59:36','2017-04-02 07:59:36'),(287,61,17,'2017-04-02 07:59:36','2017-04-02 07:59:36'),(288,61,26,'2017-04-02 07:59:36','2017-04-02 07:59:36'),(289,66,1,'2017-04-02 07:59:36','2017-04-02 07:59:36'),(290,66,3,'2017-04-02 07:59:36','2017-04-02 07:59:36'),(291,66,18,'2017-04-02 07:59:36','2017-04-02 07:59:36'),(292,66,13,'2017-04-02 07:59:36','2017-04-02 07:59:36'),(293,66,19,'2017-04-02 07:59:37','2017-04-02 07:59:37'),(294,66,6,'2017-04-02 07:59:37','2017-04-02 07:59:37'),(295,66,20,'2017-04-02 07:59:37','2017-04-02 07:59:37'),(296,66,14,'2017-04-02 07:59:37','2017-04-02 07:59:37'),(297,66,22,'2017-04-02 07:59:37','2017-04-02 07:59:37'),(298,66,15,'2017-04-02 07:59:37','2017-04-02 07:59:37'),(299,66,9,'2017-04-02 07:59:37','2017-04-02 07:59:37'),(300,66,23,'2017-04-02 07:59:37','2017-04-02 07:59:37'),(301,66,16,'2017-04-02 07:59:37','2017-04-02 07:59:37'),(302,66,24,'2017-04-02 07:59:37','2017-04-02 07:59:37'),(303,66,25,'2017-04-02 07:59:37','2017-04-02 07:59:37'),(304,66,17,'2017-04-02 07:59:37','2017-04-02 07:59:37'),(305,66,26,'2017-04-02 07:59:37','2017-04-02 07:59:37'),(306,68,3,'2017-04-02 07:59:37','2017-04-02 07:59:37'),(307,68,18,'2017-04-02 07:59:37','2017-04-02 07:59:37'),(308,68,13,'2017-04-02 07:59:37','2017-04-02 07:59:37'),(309,68,19,'2017-04-02 07:59:37','2017-04-02 07:59:37'),(310,68,6,'2017-04-02 07:59:37','2017-04-02 07:59:37'),(311,68,20,'2017-04-02 07:59:37','2017-04-02 07:59:37'),(312,68,14,'2017-04-02 07:59:37','2017-04-02 07:59:37'),(313,68,22,'2017-04-02 07:59:37','2017-04-02 07:59:37'),(314,68,15,'2017-04-02 07:59:37','2017-04-02 07:59:37'),(315,68,9,'2017-04-02 07:59:37','2017-04-02 07:59:37'),(316,68,23,'2017-04-02 07:59:37','2017-04-02 07:59:37'),(317,68,16,'2017-04-02 07:59:37','2017-04-02 07:59:37'),(318,68,24,'2017-04-02 07:59:37','2017-04-02 07:59:37'),(319,68,25,'2017-04-02 07:59:37','2017-04-02 07:59:37'),(320,68,17,'2017-04-02 07:59:37','2017-04-02 07:59:37'),(321,68,26,'2017-04-02 07:59:37','2017-04-02 07:59:37'),(322,69,18,'2017-04-02 07:59:37','2017-04-02 07:59:37'),(323,69,13,'2017-04-02 07:59:37','2017-04-02 07:59:37'),(324,69,19,'2017-04-02 07:59:37','2017-04-02 07:59:37'),(325,69,6,'2017-04-02 07:59:37','2017-04-02 07:59:37'),(326,69,20,'2017-04-02 07:59:37','2017-04-02 07:59:37'),(327,69,14,'2017-04-02 07:59:37','2017-04-02 07:59:37'),(328,69,22,'2017-04-02 07:59:37','2017-04-02 07:59:37'),(329,69,15,'2017-04-02 07:59:37','2017-04-02 07:59:37'),(330,69,23,'2017-04-02 07:59:37','2017-04-02 07:59:37'),(331,69,16,'2017-04-02 07:59:37','2017-04-02 07:59:37'),(332,69,24,'2017-04-02 07:59:37','2017-04-02 07:59:37'),(333,69,25,'2017-04-02 07:59:37','2017-04-02 07:59:37'),(334,69,17,'2017-04-02 07:59:37','2017-04-02 07:59:37'),(335,69,26,'2017-04-02 07:59:37','2017-04-02 07:59:37'),(336,70,3,'2017-04-02 07:59:37','2017-04-02 07:59:37'),(337,70,18,'2017-04-02 07:59:37','2017-04-02 07:59:37'),(338,70,13,'2017-04-02 07:59:37','2017-04-02 07:59:37'),(339,70,19,'2017-04-02 07:59:37','2017-04-02 07:59:37'),(340,70,6,'2017-04-02 07:59:37','2017-04-02 07:59:37'),(341,70,20,'2017-04-02 07:59:37','2017-04-02 07:59:37'),(342,70,14,'2017-04-02 07:59:37','2017-04-02 07:59:37'),(343,70,22,'2017-04-02 07:59:37','2017-04-02 07:59:37'),(344,70,15,'2017-04-02 07:59:37','2017-04-02 07:59:37'),(345,70,9,'2017-04-02 07:59:37','2017-04-02 07:59:37'),(346,70,23,'2017-04-02 07:59:37','2017-04-02 07:59:37'),(347,70,16,'2017-04-02 07:59:37','2017-04-02 07:59:37'),(348,70,24,'2017-04-02 07:59:37','2017-04-02 07:59:37'),(349,70,25,'2017-04-02 07:59:37','2017-04-02 07:59:37'),(350,70,17,'2017-04-02 07:59:38','2017-04-02 07:59:38'),(351,70,26,'2017-04-02 07:59:38','2017-04-02 07:59:38');
/*!40000 ALTER TABLE `relics_sources` ENABLE KEYS */;
UNLOCK TABLES;

--
-- Table structure for table `rotations`
--

DROP TABLE IF EXISTS `rotations`;
/*!40101 SET @saved_cs_client     = @@character_set_client */;
/*!40101 SET character_set_client = utf8 */;
CREATE TABLE `rotations` (
  `id` int(11) NOT NULL AUTO_INCREMENT,
  `name` varchar(45) NOT NULL,
  `chance` double NOT NULL,
  `relic_source_id` int(11) DEFAULT NULL,
  `created_at` timestamp NULL DEFAULT CURRENT_TIMESTAMP,
  `updated_at` timestamp NULL DEFAULT CURRENT_TIMESTAMP,
  PRIMARY KEY (`id`),
  KEY `fk_relic_source_id_idx` (`relic_source_id`),
  CONSTRAINT `fk_relic_source_id` FOREIGN KEY (`relic_source_id`) REFERENCES `relics_sources` (`id`) ON DELETE NO ACTION ON UPDATE NO ACTION
) ENGINE=InnoDB AUTO_INCREMENT=420 DEFAULT CHARSET=utf8;
/*!40101 SET character_set_client = @saved_cs_client */;

--
-- Dumping data for table `rotations`
--

LOCK TABLES `rotations` WRITE;
/*!40000 ALTER TABLE `rotations` DISABLE KEYS */;
INSERT INTO `rotations` VALUES (1,'Rotation A',0.1,NULL,'2017-04-02 07:59:29','2017-04-02 07:59:29'),(2,'Rotation C',13,NULL,'2017-04-02 07:59:29','2017-04-02 07:59:29'),(3,'Rotation A',3.2,NULL,'2017-04-02 07:59:29','2017-04-02 07:59:29'),(4,'Rotation A',9.1,NULL,'2017-04-02 07:59:29','2017-04-02 07:59:29'),(5,'Rotation A',14,NULL,'2017-04-02 07:59:29','2017-04-02 07:59:29'),(6,'Rotation A',14,NULL,'2017-04-02 07:59:29','2017-04-02 07:59:29'),(7,'Rotation B',9.1,NULL,'2017-04-02 07:59:29','2017-04-02 07:59:29'),(8,'Rotation C',15,NULL,'2017-04-02 07:59:29','2017-04-02 07:59:29'),(9,'Rotation A',11,NULL,'2017-04-02 07:59:29','2017-04-02 07:59:29'),(10,'Rotation A',3.2,NULL,'2017-04-02 07:59:29','2017-04-02 07:59:29'),(11,'Rotation B',9.1,NULL,'2017-04-02 07:59:29','2017-04-02 07:59:29'),(12,'Rotation C',15,NULL,'2017-04-02 07:59:29','2017-04-02 07:59:29'),(13,'Rotation B',9.1,NULL,'2017-04-02 07:59:29','2017-04-02 07:59:29'),(14,'Rotation C',15,NULL,'2017-04-02 07:59:30','2017-04-02 07:59:30'),(15,'Rotation A',0.1,NULL,'2017-04-02 07:59:30','2017-04-02 07:59:30'),(16,'Rotation C',13,NULL,'2017-04-02 07:59:30','2017-04-02 07:59:30'),(17,'Rotation A',3.2,NULL,'2017-04-02 07:59:30','2017-04-02 07:59:30'),(18,'Rotation A',9.1,NULL,'2017-04-02 07:59:30','2017-04-02 07:59:30'),(19,'Rotation A',14,NULL,'2017-04-02 07:59:30','2017-04-02 07:59:30'),(20,'Rotation A',14,NULL,'2017-04-02 07:59:30','2017-04-02 07:59:30'),(21,'Rotation B',9.1,NULL,'2017-04-02 07:59:30','2017-04-02 07:59:30'),(22,'Rotation C',15,NULL,'2017-04-02 07:59:30','2017-04-02 07:59:30'),(23,'Rotation A',11,NULL,'2017-04-02 07:59:30','2017-04-02 07:59:30'),(24,'Rotation A',3.2,NULL,'2017-04-02 07:59:30','2017-04-02 07:59:30'),(25,'Rotation B',9.1,NULL,'2017-04-02 07:59:30','2017-04-02 07:59:30'),(26,'Rotation C',15,NULL,'2017-04-02 07:59:30','2017-04-02 07:59:30'),(27,'Rotation B',9.1,NULL,'2017-04-02 07:59:30','2017-04-02 07:59:30'),(28,'Rotation C',15,NULL,'2017-04-02 07:59:30','2017-04-02 07:59:30'),(29,'Rotation C',13,NULL,'2017-04-02 07:59:30','2017-04-02 07:59:30'),(30,'Rotation A',3.2,NULL,'2017-04-02 07:59:30','2017-04-02 07:59:30'),(31,'Rotation A',14,NULL,'2017-04-02 07:59:30','2017-04-02 07:59:30'),(32,'Rotation A',14,NULL,'2017-04-02 07:59:30','2017-04-02 07:59:30'),(33,'Rotation B',9.1,NULL,'2017-04-02 07:59:30','2017-04-02 07:59:30'),(34,'Rotation C',15,NULL,'2017-04-02 07:59:30','2017-04-02 07:59:30'),(35,'Rotation A',11,NULL,'2017-04-02 07:59:30','2017-04-02 07:59:30'),(36,'Rotation A',3.2,NULL,'2017-04-02 07:59:30','2017-04-02 07:59:30'),(37,'Rotation B',9.1,NULL,'2017-04-02 07:59:30','2017-04-02 07:59:30'),(38,'Rotation C',15,NULL,'2017-04-02 07:59:30','2017-04-02 07:59:30'),(39,'Rotation B',9.1,NULL,'2017-04-02 07:59:30','2017-04-02 07:59:30'),(40,'Rotation C',15,NULL,'2017-04-02 07:59:30','2017-04-02 07:59:30'),(41,'Rotation C',13,NULL,'2017-04-02 07:59:30','2017-04-02 07:59:30'),(42,'Rotation A',3.2,NULL,'2017-04-02 07:59:30','2017-04-02 07:59:30'),(43,'Rotation A',9.1,NULL,'2017-04-02 07:59:30','2017-04-02 07:59:30'),(44,'Rotation A',14,NULL,'2017-04-02 07:59:30','2017-04-02 07:59:30'),(45,'Rotation A',14,NULL,'2017-04-02 07:59:30','2017-04-02 07:59:30'),(46,'Rotation B',9.1,NULL,'2017-04-02 07:59:30','2017-04-02 07:59:30'),(47,'Rotation C',15,NULL,'2017-04-02 07:59:30','2017-04-02 07:59:30'),(48,'Rotation A',11,NULL,'2017-04-02 07:59:30','2017-04-02 07:59:30'),(49,'Rotation A',3.2,NULL,'2017-04-02 07:59:30','2017-04-02 07:59:30'),(50,'Rotation B',9.1,NULL,'2017-04-02 07:59:30','2017-04-02 07:59:30'),(51,'Rotation C',15,NULL,'2017-04-02 07:59:30','2017-04-02 07:59:30'),(52,'Rotation B',9.1,NULL,'2017-04-02 07:59:30','2017-04-02 07:59:30'),(53,'Rotation C',15,NULL,'2017-04-02 07:59:30','2017-04-02 07:59:30'),(54,'Rotation C',13,NULL,'2017-04-02 07:59:30','2017-04-02 07:59:30'),(55,'Rotation A',9.1,NULL,'2017-04-02 07:59:30','2017-04-02 07:59:30'),(56,'Rotation A',14,NULL,'2017-04-02 07:59:30','2017-04-02 07:59:30'),(57,'Rotation A',14,NULL,'2017-04-02 07:59:30','2017-04-02 07:59:30'),(58,'Rotation B',9.1,NULL,'2017-04-02 07:59:30','2017-04-02 07:59:30'),(59,'Rotation C',15,NULL,'2017-04-02 07:59:30','2017-04-02 07:59:30'),(60,'Rotation A',11,NULL,'2017-04-02 07:59:30','2017-04-02 07:59:30'),(61,'Rotation B',9.1,NULL,'2017-04-02 07:59:30','2017-04-02 07:59:30'),(62,'Rotation C',15,NULL,'2017-04-02 07:59:30','2017-04-02 07:59:30'),(63,'Rotation B',9.1,NULL,'2017-04-02 07:59:30','2017-04-02 07:59:30'),(64,'Rotation C',15,NULL,'2017-04-02 07:59:30','2017-04-02 07:59:30'),(65,'Rotation C',11,NULL,'2017-04-02 07:59:31','2017-04-02 07:59:31'),(66,'Rotation B',1.5,NULL,'2017-04-02 07:59:31','2017-04-02 07:59:31'),(67,'Rotation B',7.7,NULL,'2017-04-02 07:59:31','2017-04-02 07:59:31'),(68,'Rotation C',7.7,NULL,'2017-04-02 07:59:31','2017-04-02 07:59:31'),(69,'Rotation A',11,NULL,'2017-04-02 07:59:31','2017-04-02 07:59:31'),(70,'Rotation C',9.7,NULL,'2017-04-02 07:59:31','2017-04-02 07:59:31'),(71,'Rotation B',6.7,NULL,'2017-04-02 07:59:31','2017-04-02 07:59:31'),(72,'Rotation B',5.9,NULL,'2017-04-02 07:59:31','2017-04-02 07:59:31'),(73,'Rotation C',14,NULL,'2017-04-02 07:59:31','2017-04-02 07:59:31'),(74,'Rotation A',8.3,NULL,'2017-04-02 07:59:31','2017-04-02 07:59:31'),(75,'Rotation B',1.5,NULL,'2017-04-02 07:59:31','2017-04-02 07:59:31'),(76,'Rotation B',6.7,NULL,'2017-04-02 07:59:31','2017-04-02 07:59:31'),(77,'Rotation B',6.7,NULL,'2017-04-02 07:59:31','2017-04-02 07:59:31'),(78,'Rotation C',11,NULL,'2017-04-02 07:59:31','2017-04-02 07:59:31'),(79,'Rotation B',1.5,NULL,'2017-04-02 07:59:31','2017-04-02 07:59:31'),(80,'Rotation B',7.7,NULL,'2017-04-02 07:59:31','2017-04-02 07:59:31'),(81,'Rotation C',7.7,NULL,'2017-04-02 07:59:31','2017-04-02 07:59:31'),(82,'Rotation A',11,NULL,'2017-04-02 07:59:31','2017-04-02 07:59:31'),(83,'Rotation C',9.7,NULL,'2017-04-02 07:59:31','2017-04-02 07:59:31'),(84,'Rotation B',6.7,NULL,'2017-04-02 07:59:31','2017-04-02 07:59:31'),(85,'Rotation B',5.9,NULL,'2017-04-02 07:59:31','2017-04-02 07:59:31'),(86,'Rotation C',14,NULL,'2017-04-02 07:59:31','2017-04-02 07:59:31'),(87,'Rotation A',8.3,NULL,'2017-04-02 07:59:31','2017-04-02 07:59:31'),(88,'Rotation B',1.5,NULL,'2017-04-02 07:59:31','2017-04-02 07:59:31'),(89,'Rotation B',6.7,NULL,'2017-04-02 07:59:31','2017-04-02 07:59:31'),(90,'Rotation B',6.7,NULL,'2017-04-02 07:59:31','2017-04-02 07:59:31'),(91,'Rotation C',11,NULL,'2017-04-02 07:59:31','2017-04-02 07:59:31'),(92,'Rotation A',0.1,NULL,'2017-04-02 07:59:31','2017-04-02 07:59:31'),(93,'Rotation B',1.5,NULL,'2017-04-02 07:59:31','2017-04-02 07:59:31'),(94,'Rotation B',7.7,NULL,'2017-04-02 07:59:31','2017-04-02 07:59:31'),(95,'Rotation C',7.7,NULL,'2017-04-02 07:59:31','2017-04-02 07:59:31'),(96,'Rotation A',11,NULL,'2017-04-02 07:59:31','2017-04-02 07:59:31'),(97,'Rotation C',9.7,NULL,'2017-04-02 07:59:31','2017-04-02 07:59:31'),(98,'Rotation B',6.7,NULL,'2017-04-02 07:59:31','2017-04-02 07:59:31'),(99,'Rotation C',14,NULL,'2017-04-02 07:59:31','2017-04-02 07:59:31'),(100,'Rotation A',8.3,NULL,'2017-04-02 07:59:31','2017-04-02 07:59:31'),(101,'Rotation B',1.5,NULL,'2017-04-02 07:59:31','2017-04-02 07:59:31'),(102,'Rotation C',9.5,NULL,'2017-04-02 07:59:31','2017-04-02 07:59:31'),(103,'Rotation B',6.7,NULL,'2017-04-02 07:59:31','2017-04-02 07:59:31'),(104,'Rotation B',6.7,NULL,'2017-04-02 07:59:31','2017-04-02 07:59:31'),(105,'Rotation C',11,NULL,'2017-04-02 07:59:31','2017-04-02 07:59:31'),(106,'Rotation A',0.1,NULL,'2017-04-02 07:59:31','2017-04-02 07:59:31'),(107,'Rotation B',1.5,NULL,'2017-04-02 07:59:32','2017-04-02 07:59:32'),(108,'Rotation C',13,NULL,'2017-04-02 07:59:32','2017-04-02 07:59:32'),(109,'Rotation A',9.1,NULL,'2017-04-02 07:59:32','2017-04-02 07:59:32'),(110,'Rotation B',7.7,NULL,'2017-04-02 07:59:32','2017-04-02 07:59:32'),(111,'Rotation C',7.7,NULL,'2017-04-02 07:59:32','2017-04-02 07:59:32'),(112,'Rotation A',11,NULL,'2017-04-02 07:59:32','2017-04-02 07:59:32'),(113,'Rotation C',9.7,NULL,'2017-04-02 07:59:32','2017-04-02 07:59:32'),(114,'Rotation B',6.7,NULL,'2017-04-02 07:59:32','2017-04-02 07:59:32'),(115,'Rotation B',5.9,NULL,'2017-04-02 07:59:32','2017-04-02 07:59:32'),(116,'Rotation C',14,NULL,'2017-04-02 07:59:32','2017-04-02 07:59:32'),(117,'Rotation A',8.3,NULL,'2017-04-02 07:59:32','2017-04-02 07:59:32'),(118,'Rotation B',1.5,NULL,'2017-04-02 07:59:32','2017-04-02 07:59:32'),(119,'Rotation C',9.5,NULL,'2017-04-02 07:59:32','2017-04-02 07:59:32'),(120,'Rotation B',6.7,NULL,'2017-04-02 07:59:32','2017-04-02 07:59:32'),(121,'Rotation B',6.7,NULL,'2017-04-02 07:59:32','2017-04-02 07:59:32'),(122,'Rotation C',11,NULL,'2017-04-02 07:59:32','2017-04-02 07:59:32'),(123,'Rotation A',0.1,NULL,'2017-04-02 07:59:32','2017-04-02 07:59:32'),(124,'Rotation B',1.5,NULL,'2017-04-02 07:59:32','2017-04-02 07:59:32'),(125,'Rotation B',7.7,NULL,'2017-04-02 07:59:32','2017-04-02 07:59:32'),(126,'Rotation C',7.7,NULL,'2017-04-02 07:59:32','2017-04-02 07:59:32'),(127,'Rotation A',11,NULL,'2017-04-02 07:59:32','2017-04-02 07:59:32'),(128,'Rotation C',9.7,NULL,'2017-04-02 07:59:32','2017-04-02 07:59:32'),(129,'Rotation B',6.7,NULL,'2017-04-02 07:59:32','2017-04-02 07:59:32'),(130,'Rotation B',5.9,NULL,'2017-04-02 07:59:32','2017-04-02 07:59:32'),(131,'Rotation A',8.3,NULL,'2017-04-02 07:59:32','2017-04-02 07:59:32'),(132,'Rotation B',1.5,NULL,'2017-04-02 07:59:32','2017-04-02 07:59:32'),(133,'Rotation C',9.5,NULL,'2017-04-02 07:59:32','2017-04-02 07:59:32'),(134,'Rotation B',6.7,NULL,'2017-04-02 07:59:32','2017-04-02 07:59:32'),(135,'Rotation B',6.7,NULL,'2017-04-02 07:59:32','2017-04-02 07:59:32'),(136,'Rotation C',11,NULL,'2017-04-02 07:59:32','2017-04-02 07:59:32'),(137,'Rotation A',0.1,NULL,'2017-04-02 07:59:32','2017-04-02 07:59:32'),(138,'Rotation B',1.5,NULL,'2017-04-02 07:59:32','2017-04-02 07:59:32'),(139,'Rotation C',13,NULL,'2017-04-02 07:59:32','2017-04-02 07:59:32'),(140,'Rotation B',7.7,NULL,'2017-04-02 07:59:32','2017-04-02 07:59:32'),(141,'Rotation C',7.7,NULL,'2017-04-02 07:59:32','2017-04-02 07:59:32'),(142,'Rotation A',11,NULL,'2017-04-02 07:59:32','2017-04-02 07:59:32'),(143,'Rotation C',9.7,NULL,'2017-04-02 07:59:32','2017-04-02 07:59:32'),(144,'Rotation B',6.7,NULL,'2017-04-02 07:59:32','2017-04-02 07:59:32'),(145,'Rotation B',5.9,NULL,'2017-04-02 07:59:32','2017-04-02 07:59:32'),(146,'Rotation C',14,NULL,'2017-04-02 07:59:32','2017-04-02 07:59:32'),(147,'Rotation A',8.3,NULL,'2017-04-02 07:59:32','2017-04-02 07:59:32'),(148,'Rotation B',1.5,NULL,'2017-04-02 07:59:32','2017-04-02 07:59:32'),(149,'Rotation C',9.5,NULL,'2017-04-02 07:59:32','2017-04-02 07:59:32'),(150,'Rotation B',6.7,NULL,'2017-04-02 07:59:32','2017-04-02 07:59:32'),(151,'Rotation B',6.7,NULL,'2017-04-02 07:59:32','2017-04-02 07:59:32'),(152,'Rotation C',11,NULL,'2017-04-02 07:59:32','2017-04-02 07:59:32'),(153,'Rotation B',1.5,NULL,'2017-04-02 07:59:32','2017-04-02 07:59:32'),(154,'Rotation B',7.7,NULL,'2017-04-02 07:59:32','2017-04-02 07:59:32'),(155,'Rotation C',7.7,NULL,'2017-04-02 07:59:32','2017-04-02 07:59:32'),(156,'Rotation A',11,NULL,'2017-04-02 07:59:32','2017-04-02 07:59:32'),(157,'Rotation C',9.7,NULL,'2017-04-02 07:59:32','2017-04-02 07:59:32'),(158,'Rotation B',6.7,NULL,'2017-04-02 07:59:32','2017-04-02 07:59:32'),(159,'Rotation B',5.9,NULL,'2017-04-02 07:59:32','2017-04-02 07:59:32'),(160,'Rotation C',14,NULL,'2017-04-02 07:59:32','2017-04-02 07:59:32'),(161,'Rotation A',8.3,NULL,'2017-04-02 07:59:32','2017-04-02 07:59:32'),(162,'Rotation B',1.5,NULL,'2017-04-02 07:59:32','2017-04-02 07:59:32'),(163,'Rotation B',6.7,NULL,'2017-04-02 07:59:32','2017-04-02 07:59:32'),(164,'Rotation B',6.7,NULL,'2017-04-02 07:59:32','2017-04-02 07:59:32'),(165,'Rotation C',11,NULL,'2017-04-02 07:59:32','2017-04-02 07:59:32'),(166,'Rotation A',0.1,NULL,'2017-04-02 07:59:33','2017-04-02 07:59:33'),(167,'Rotation B',1.5,NULL,'2017-04-02 07:59:33','2017-04-02 07:59:33'),(168,'Rotation C',13,NULL,'2017-04-02 07:59:33','2017-04-02 07:59:33'),(169,'Rotation B',7.7,NULL,'2017-04-02 07:59:33','2017-04-02 07:59:33'),(170,'Rotation C',7.7,NULL,'2017-04-02 07:59:33','2017-04-02 07:59:33'),(171,'Rotation A',11,NULL,'2017-04-02 07:59:33','2017-04-02 07:59:33'),(172,'Rotation C',9.7,NULL,'2017-04-02 07:59:33','2017-04-02 07:59:33'),(173,'Rotation B',6.7,NULL,'2017-04-02 07:59:33','2017-04-02 07:59:33'),(174,'Rotation B',5.9,NULL,'2017-04-02 07:59:33','2017-04-02 07:59:33'),(175,'Rotation C',14,NULL,'2017-04-02 07:59:33','2017-04-02 07:59:33'),(176,'Rotation A',8.3,NULL,'2017-04-02 07:59:33','2017-04-02 07:59:33'),(177,'Rotation B',1.5,NULL,'2017-04-02 07:59:33','2017-04-02 07:59:33'),(178,'Rotation C',9.5,NULL,'2017-04-02 07:59:33','2017-04-02 07:59:33'),(179,'Rotation B',6.7,NULL,'2017-04-02 07:59:33','2017-04-02 07:59:33'),(180,'Rotation B',6.7,NULL,'2017-04-02 07:59:33','2017-04-02 07:59:33'),(181,'Rotation B',6.3,NULL,'2017-04-02 07:59:33','2017-04-02 07:59:33'),(182,'Rotation C',9.7,NULL,'2017-04-02 07:59:33','2017-04-02 07:59:33'),(183,'Rotation B',6.3,NULL,'2017-04-02 07:59:33','2017-04-02 07:59:33'),(184,'Rotation C',9.7,NULL,'2017-04-02 07:59:33','2017-04-02 07:59:33'),(185,'Rotation C',9.7,NULL,'2017-04-02 07:59:33','2017-04-02 07:59:33'),(186,'Rotation C',7.7,NULL,'2017-04-02 07:59:33','2017-04-02 07:59:33'),(187,'Rotation B',17,NULL,'2017-04-02 07:59:33','2017-04-02 07:59:33'),(188,'Rotation C',14,NULL,'2017-04-02 07:59:33','2017-04-02 07:59:33'),(189,'Rotation C',9.7,NULL,'2017-04-02 07:59:33','2017-04-02 07:59:33'),(190,'Rotation C',11,NULL,'2017-04-02 07:59:33','2017-04-02 07:59:33'),(191,'Rotation C',9.7,NULL,'2017-04-02 07:59:33','2017-04-02 07:59:33'),(192,'Rotation C',13,NULL,'2017-04-02 07:59:33','2017-04-02 07:59:33'),(193,'Rotation B',6.3,NULL,'2017-04-02 07:59:33','2017-04-02 07:59:33'),(194,'Rotation C',9.7,NULL,'2017-04-02 07:59:33','2017-04-02 07:59:33'),(195,'Rotation B',6.3,NULL,'2017-04-02 07:59:33','2017-04-02 07:59:33'),(196,'Rotation C',9.7,NULL,'2017-04-02 07:59:33','2017-04-02 07:59:33'),(197,'Rotation C',9.7,NULL,'2017-04-02 07:59:33','2017-04-02 07:59:33'),(198,'Rotation C',7.7,NULL,'2017-04-02 07:59:33','2017-04-02 07:59:33'),(199,'Rotation B',17,NULL,'2017-04-02 07:59:33','2017-04-02 07:59:33'),(200,'Rotation C',14,NULL,'2017-04-02 07:59:33','2017-04-02 07:59:33'),(201,'Rotation C',9.7,NULL,'2017-04-02 07:59:33','2017-04-02 07:59:33'),(202,'Rotation C',11,NULL,'2017-04-02 07:59:33','2017-04-02 07:59:33'),(203,'Rotation C',9.7,NULL,'2017-04-02 07:59:33','2017-04-02 07:59:33'),(204,'Rotation C',13,NULL,'2017-04-02 07:59:33','2017-04-02 07:59:33'),(205,'Rotation B',6.3,NULL,'2017-04-02 07:59:33','2017-04-02 07:59:33'),(206,'Rotation C',9.7,NULL,'2017-04-02 07:59:33','2017-04-02 07:59:33'),(207,'Rotation B',6.3,NULL,'2017-04-02 07:59:33','2017-04-02 07:59:33'),(208,'Rotation C',9.7,NULL,'2017-04-02 07:59:33','2017-04-02 07:59:33'),(209,'Rotation C',9.7,NULL,'2017-04-02 07:59:33','2017-04-02 07:59:33'),(210,'Rotation C',7.7,NULL,'2017-04-02 07:59:33','2017-04-02 07:59:33'),(211,'Rotation C',14,NULL,'2017-04-02 07:59:33','2017-04-02 07:59:33'),(212,'Rotation C',9.7,NULL,'2017-04-02 07:59:33','2017-04-02 07:59:33'),(213,'Rotation C',11,NULL,'2017-04-02 07:59:33','2017-04-02 07:59:33'),(214,'Rotation C',9.7,NULL,'2017-04-02 07:59:33','2017-04-02 07:59:33'),(215,'Rotation C',13,NULL,'2017-04-02 07:59:33','2017-04-02 07:59:33'),(216,'Rotation B',6.3,NULL,'2017-04-02 07:59:33','2017-04-02 07:59:33'),(217,'Rotation C',9.7,NULL,'2017-04-02 07:59:33','2017-04-02 07:59:33'),(218,'Rotation B',6.3,NULL,'2017-04-02 07:59:33','2017-04-02 07:59:33'),(219,'Rotation C',9.7,NULL,'2017-04-02 07:59:33','2017-04-02 07:59:33'),(220,'Rotation C',9.7,NULL,'2017-04-02 07:59:33','2017-04-02 07:59:33'),(221,'Rotation C',7.7,NULL,'2017-04-02 07:59:34','2017-04-02 07:59:34'),(222,'Rotation B',17,NULL,'2017-04-02 07:59:34','2017-04-02 07:59:34'),(223,'Rotation C',14,NULL,'2017-04-02 07:59:34','2017-04-02 07:59:34'),(224,'Rotation C',9.7,NULL,'2017-04-02 07:59:34','2017-04-02 07:59:34'),(225,'Rotation C',11,NULL,'2017-04-02 07:59:34','2017-04-02 07:59:34'),(226,'Rotation C',9.7,NULL,'2017-04-02 07:59:34','2017-04-02 07:59:34'),(227,'Rotation C',13,NULL,'2017-04-02 07:59:34','2017-04-02 07:59:34'),(228,'Rotation B',6.3,NULL,'2017-04-02 07:59:34','2017-04-02 07:59:34'),(229,'Rotation C',9.7,NULL,'2017-04-02 07:59:34','2017-04-02 07:59:34'),(230,'Rotation B',6.3,NULL,'2017-04-02 07:59:34','2017-04-02 07:59:34'),(231,'Rotation C',9.7,NULL,'2017-04-02 07:59:34','2017-04-02 07:59:34'),(232,'Rotation C',9.7,NULL,'2017-04-02 07:59:34','2017-04-02 07:59:34'),(233,'Rotation C',7.7,NULL,'2017-04-02 07:59:34','2017-04-02 07:59:34'),(234,'Rotation B',17,NULL,'2017-04-02 07:59:34','2017-04-02 07:59:34'),(235,'Rotation C',14,NULL,'2017-04-02 07:59:34','2017-04-02 07:59:34'),(236,'Rotation C',9.7,NULL,'2017-04-02 07:59:34','2017-04-02 07:59:34'),(237,'Rotation C',11,NULL,'2017-04-02 07:59:34','2017-04-02 07:59:34'),(238,'Rotation C',9.7,NULL,'2017-04-02 07:59:34','2017-04-02 07:59:34'),(239,'Rotation C',13,NULL,'2017-04-02 07:59:34','2017-04-02 07:59:34'),(240,'Rotation B',6.3,NULL,'2017-04-02 07:59:34','2017-04-02 07:59:34'),(241,'Rotation C',9.7,NULL,'2017-04-02 07:59:34','2017-04-02 07:59:34'),(242,'Rotation B',6.3,NULL,'2017-04-02 07:59:34','2017-04-02 07:59:34'),(243,'Rotation C',9.7,NULL,'2017-04-02 07:59:34','2017-04-02 07:59:34'),(244,'Rotation C',9.7,NULL,'2017-04-02 07:59:34','2017-04-02 07:59:34'),(245,'Rotation C',7.7,NULL,'2017-04-02 07:59:34','2017-04-02 07:59:34'),(246,'Rotation B',17,NULL,'2017-04-02 07:59:34','2017-04-02 07:59:34'),(247,'Rotation C',14,NULL,'2017-04-02 07:59:34','2017-04-02 07:59:34'),(248,'Rotation C',9.7,NULL,'2017-04-02 07:59:34','2017-04-02 07:59:34'),(249,'Rotation C',11,NULL,'2017-04-02 07:59:34','2017-04-02 07:59:34'),(250,'Rotation C',9.7,NULL,'2017-04-02 07:59:34','2017-04-02 07:59:34'),(251,'Rotation C',13,NULL,'2017-04-02 07:59:34','2017-04-02 07:59:34'),(252,'Rotation B',6.3,NULL,'2017-04-02 07:59:34','2017-04-02 07:59:34'),(253,'Rotation C',9.7,NULL,'2017-04-02 07:59:34','2017-04-02 07:59:34'),(254,'Rotation B',6.3,NULL,'2017-04-02 07:59:34','2017-04-02 07:59:34'),(255,'Rotation C',9.7,NULL,'2017-04-02 07:59:34','2017-04-02 07:59:34'),(256,'Rotation C',9.7,NULL,'2017-04-02 07:59:34','2017-04-02 07:59:34'),(257,'Rotation C',7.7,NULL,'2017-04-02 07:59:34','2017-04-02 07:59:34'),(258,'Rotation B',17,NULL,'2017-04-02 07:59:34','2017-04-02 07:59:34'),(259,'Rotation C',2.6,NULL,'2017-04-02 07:59:34','2017-04-02 07:59:34'),(260,'Rotation C',9.7,NULL,'2017-04-02 07:59:34','2017-04-02 07:59:34'),(261,'Rotation C',11,NULL,'2017-04-02 07:59:34','2017-04-02 07:59:34'),(262,'Rotation C',9.7,NULL,'2017-04-02 07:59:34','2017-04-02 07:59:34'),(263,'Rotation C',13,NULL,'2017-04-02 07:59:34','2017-04-02 07:59:34'),(264,'Rotation B',6.3,NULL,'2017-04-02 07:59:35','2017-04-02 07:59:35'),(265,'Rotation C',9.7,NULL,'2017-04-02 07:59:35','2017-04-02 07:59:35'),(266,'Rotation B',6.3,NULL,'2017-04-02 07:59:35','2017-04-02 07:59:35'),(267,'Rotation C',9.7,NULL,'2017-04-02 07:59:35','2017-04-02 07:59:35'),(268,'Rotation C',9.7,NULL,'2017-04-02 07:59:35','2017-04-02 07:59:35'),(269,'Rotation C',7.7,NULL,'2017-04-02 07:59:35','2017-04-02 07:59:35'),(270,'Rotation C',14,NULL,'2017-04-02 07:59:35','2017-04-02 07:59:35'),(271,'Rotation C',9.7,NULL,'2017-04-02 07:59:35','2017-04-02 07:59:35'),(272,'Rotation C',11,NULL,'2017-04-02 07:59:35','2017-04-02 07:59:35'),(273,'Rotation C',9.7,NULL,'2017-04-02 07:59:35','2017-04-02 07:59:35'),(274,'Rotation C',13,NULL,'2017-04-02 07:59:35','2017-04-02 07:59:35'),(275,'Rotation C',1.8,NULL,'2017-04-02 07:59:35','2017-04-02 07:59:35'),(276,'Rotation A',9.1,NULL,'2017-04-02 07:59:35','2017-04-02 07:59:35'),(277,'Rotation B',5.9,NULL,'2017-04-02 07:59:35','2017-04-02 07:59:35'),(278,'Rotation C',9.7,NULL,'2017-04-02 07:59:35','2017-04-02 07:59:35'),(279,'Rotation A',9.1,NULL,'2017-04-02 07:59:35','2017-04-02 07:59:35'),(280,'Rotation B',11,NULL,'2017-04-02 07:59:35','2017-04-02 07:59:35'),(281,'Rotation B',6.3,NULL,'2017-04-02 07:59:35','2017-04-02 07:59:35'),(282,'Rotation C',9.7,NULL,'2017-04-02 07:59:35','2017-04-02 07:59:35'),(283,'Rotation A',9.1,NULL,'2017-04-02 07:59:35','2017-04-02 07:59:35'),(284,'Rotation B',6.3,NULL,'2017-04-02 07:59:35','2017-04-02 07:59:35'),(285,'Rotation C',13,NULL,'2017-04-02 07:59:35','2017-04-02 07:59:35'),(286,'Rotation C',1.8,NULL,'2017-04-02 07:59:35','2017-04-02 07:59:35'),(287,'Rotation B',6.3,NULL,'2017-04-02 07:59:35','2017-04-02 07:59:35'),(288,'Rotation C',9.7,NULL,'2017-04-02 07:59:35','2017-04-02 07:59:35'),(289,'Rotation B',13,NULL,'2017-04-02 07:59:35','2017-04-02 07:59:35'),(290,'Rotation B',6.3,NULL,'2017-04-02 07:59:35','2017-04-02 07:59:35'),(291,'Rotation C',9.7,NULL,'2017-04-02 07:59:35','2017-04-02 07:59:35'),(292,'Rotation B',13,NULL,'2017-04-02 07:59:35','2017-04-02 07:59:35'),(293,'Rotation A',0.1,NULL,'2017-04-02 07:59:35','2017-04-02 07:59:35'),(294,'Rotation C',1.8,NULL,'2017-04-02 07:59:35','2017-04-02 07:59:35'),(295,'Rotation A',9.1,NULL,'2017-04-02 07:59:35','2017-04-02 07:59:35'),(296,'Rotation B',5.9,NULL,'2017-04-02 07:59:35','2017-04-02 07:59:35'),(297,'Rotation C',9.7,NULL,'2017-04-02 07:59:35','2017-04-02 07:59:35'),(298,'Rotation A',9.1,NULL,'2017-04-02 07:59:35','2017-04-02 07:59:35'),(299,'Rotation B',11,NULL,'2017-04-02 07:59:35','2017-04-02 07:59:35'),(300,'Rotation B',6.3,NULL,'2017-04-02 07:59:35','2017-04-02 07:59:35'),(301,'Rotation C',9.7,NULL,'2017-04-02 07:59:35','2017-04-02 07:59:35'),(302,'Rotation A',9.1,NULL,'2017-04-02 07:59:35','2017-04-02 07:59:35'),(303,'Rotation B',6.3,NULL,'2017-04-02 07:59:35','2017-04-02 07:59:35'),(304,'Rotation C',13,NULL,'2017-04-02 07:59:35','2017-04-02 07:59:35'),(305,'Rotation C',1.8,NULL,'2017-04-02 07:59:35','2017-04-02 07:59:35'),(306,'Rotation B',6.3,NULL,'2017-04-02 07:59:35','2017-04-02 07:59:35'),(307,'Rotation C',9.7,NULL,'2017-04-02 07:59:35','2017-04-02 07:59:35'),(308,'Rotation B',13,NULL,'2017-04-02 07:59:35','2017-04-02 07:59:35'),(309,'Rotation B',6.3,NULL,'2017-04-02 07:59:35','2017-04-02 07:59:35'),(310,'Rotation C',9.7,NULL,'2017-04-02 07:59:35','2017-04-02 07:59:35'),(311,'Rotation B',13,NULL,'2017-04-02 07:59:35','2017-04-02 07:59:35'),(312,'Rotation C',1.8,NULL,'2017-04-02 07:59:36','2017-04-02 07:59:36'),(313,'Rotation A',9.1,NULL,'2017-04-02 07:59:36','2017-04-02 07:59:36'),(314,'Rotation B',5.9,NULL,'2017-04-02 07:59:36','2017-04-02 07:59:36'),(315,'Rotation C',9.7,NULL,'2017-04-02 07:59:36','2017-04-02 07:59:36'),(316,'Rotation A',9.1,NULL,'2017-04-02 07:59:36','2017-04-02 07:59:36'),(317,'Rotation B',11,NULL,'2017-04-02 07:59:36','2017-04-02 07:59:36'),(318,'Rotation B',6.3,NULL,'2017-04-02 07:59:36','2017-04-02 07:59:36'),(319,'Rotation C',9.7,NULL,'2017-04-02 07:59:36','2017-04-02 07:59:36'),(320,'Rotation A',9.1,NULL,'2017-04-02 07:59:36','2017-04-02 07:59:36'),(321,'Rotation B',6.3,NULL,'2017-04-02 07:59:36','2017-04-02 07:59:36'),(322,'Rotation C',13,NULL,'2017-04-02 07:59:36','2017-04-02 07:59:36'),(323,'Rotation C',1.8,NULL,'2017-04-02 07:59:36','2017-04-02 07:59:36'),(324,'Rotation B',6.3,NULL,'2017-04-02 07:59:36','2017-04-02 07:59:36'),(325,'Rotation C',9.7,NULL,'2017-04-02 07:59:36','2017-04-02 07:59:36'),(326,'Rotation B',13,NULL,'2017-04-02 07:59:36','2017-04-02 07:59:36'),(327,'Rotation B',6.3,NULL,'2017-04-02 07:59:36','2017-04-02 07:59:36'),(328,'Rotation C',9.7,NULL,'2017-04-02 07:59:36','2017-04-02 07:59:36'),(329,'Rotation B',13,NULL,'2017-04-02 07:59:36','2017-04-02 07:59:36'),(330,'Rotation A',0.1,NULL,'2017-04-02 07:59:36','2017-04-02 07:59:36'),(331,'Rotation C',1.8,NULL,'2017-04-02 07:59:36','2017-04-02 07:59:36'),(332,'Rotation A',9.1,NULL,'2017-04-02 07:59:36','2017-04-02 07:59:36'),(333,'Rotation B',5.9,NULL,'2017-04-02 07:59:36','2017-04-02 07:59:36'),(334,'Rotation C',9.7,NULL,'2017-04-02 07:59:36','2017-04-02 07:59:36'),(335,'Rotation A',9.1,NULL,'2017-04-02 07:59:36','2017-04-02 07:59:36'),(336,'Rotation B',11,NULL,'2017-04-02 07:59:36','2017-04-02 07:59:36'),(337,'Rotation B',6.3,NULL,'2017-04-02 07:59:36','2017-04-02 07:59:36'),(338,'Rotation C',9.7,NULL,'2017-04-02 07:59:36','2017-04-02 07:59:36'),(339,'Rotation A',9.1,NULL,'2017-04-02 07:59:36','2017-04-02 07:59:36'),(340,'Rotation B',6.3,NULL,'2017-04-02 07:59:36','2017-04-02 07:59:36'),(341,'Rotation C',13,NULL,'2017-04-02 07:59:36','2017-04-02 07:59:36'),(342,'Rotation C',1.8,NULL,'2017-04-02 07:59:36','2017-04-02 07:59:36'),(343,'Rotation B',6.3,NULL,'2017-04-02 07:59:36','2017-04-02 07:59:36'),(344,'Rotation C',9.7,NULL,'2017-04-02 07:59:36','2017-04-02 07:59:36'),(345,'Rotation B',13,NULL,'2017-04-02 07:59:36','2017-04-02 07:59:36'),(346,'Rotation B',6.3,NULL,'2017-04-02 07:59:36','2017-04-02 07:59:36'),(347,'Rotation C',9.7,NULL,'2017-04-02 07:59:36','2017-04-02 07:59:36'),(348,'Rotation B',13,NULL,'2017-04-02 07:59:36','2017-04-02 07:59:36'),(349,'Rotation A',0.1,NULL,'2017-04-02 07:59:36','2017-04-02 07:59:36'),(350,'Rotation C',1.8,NULL,'2017-04-02 07:59:36','2017-04-02 07:59:36'),(351,'Rotation A',9.1,NULL,'2017-04-02 07:59:36','2017-04-02 07:59:36'),(352,'Rotation B',5.9,NULL,'2017-04-02 07:59:36','2017-04-02 07:59:36'),(353,'Rotation C',9.7,NULL,'2017-04-02 07:59:36','2017-04-02 07:59:36'),(354,'Rotation A',9.1,NULL,'2017-04-02 07:59:37','2017-04-02 07:59:37'),(355,'Rotation B',11,NULL,'2017-04-02 07:59:37','2017-04-02 07:59:37'),(356,'Rotation B',6.3,NULL,'2017-04-02 07:59:37','2017-04-02 07:59:37'),(357,'Rotation C',9.7,NULL,'2017-04-02 07:59:37','2017-04-02 07:59:37'),(358,'Rotation A',9.1,NULL,'2017-04-02 07:59:37','2017-04-02 07:59:37'),(359,'Rotation B',6.3,NULL,'2017-04-02 07:59:37','2017-04-02 07:59:37'),(360,'Rotation C',13,NULL,'2017-04-02 07:59:37','2017-04-02 07:59:37'),(361,'Rotation C',1.8,NULL,'2017-04-02 07:59:37','2017-04-02 07:59:37'),(362,'Rotation B',6.3,NULL,'2017-04-02 07:59:37','2017-04-02 07:59:37'),(363,'Rotation C',9.7,NULL,'2017-04-02 07:59:37','2017-04-02 07:59:37'),(364,'Rotation B',13,NULL,'2017-04-02 07:59:37','2017-04-02 07:59:37'),(365,'Rotation B',6.3,NULL,'2017-04-02 07:59:37','2017-04-02 07:59:37'),(366,'Rotation C',9.7,NULL,'2017-04-02 07:59:37','2017-04-02 07:59:37'),(367,'Rotation B',13,NULL,'2017-04-02 07:59:37','2017-04-02 07:59:37'),(368,'Rotation C',1.8,NULL,'2017-04-02 07:59:37','2017-04-02 07:59:37'),(369,'Rotation A',9.1,NULL,'2017-04-02 07:59:37','2017-04-02 07:59:37'),(370,'Rotation B',5.9,NULL,'2017-04-02 07:59:37','2017-04-02 07:59:37'),(371,'Rotation C',9.7,NULL,'2017-04-02 07:59:37','2017-04-02 07:59:37'),(372,'Rotation A',9.1,NULL,'2017-04-02 07:59:37','2017-04-02 07:59:37'),(373,'Rotation B',11,NULL,'2017-04-02 07:59:37','2017-04-02 07:59:37'),(374,'Rotation B',6.3,NULL,'2017-04-02 07:59:37','2017-04-02 07:59:37'),(375,'Rotation C',9.7,NULL,'2017-04-02 07:59:37','2017-04-02 07:59:37'),(376,'Rotation A',9.1,NULL,'2017-04-02 07:59:37','2017-04-02 07:59:37'),(377,'Rotation B',6.3,NULL,'2017-04-02 07:59:37','2017-04-02 07:59:37'),(378,'Rotation C',13,NULL,'2017-04-02 07:59:37','2017-04-02 07:59:37'),(379,'Rotation C',1.8,NULL,'2017-04-02 07:59:37','2017-04-02 07:59:37'),(380,'Rotation B',6.3,NULL,'2017-04-02 07:59:37','2017-04-02 07:59:37'),(381,'Rotation C',9.7,NULL,'2017-04-02 07:59:37','2017-04-02 07:59:37'),(382,'Rotation B',13,NULL,'2017-04-02 07:59:37','2017-04-02 07:59:37'),(383,'Rotation B',6.3,NULL,'2017-04-02 07:59:37','2017-04-02 07:59:37'),(384,'Rotation C',9.7,NULL,'2017-04-02 07:59:37','2017-04-02 07:59:37'),(385,'Rotation B',13,NULL,'2017-04-02 07:59:37','2017-04-02 07:59:37'),(386,'Rotation A',9.1,NULL,'2017-04-02 07:59:37','2017-04-02 07:59:37'),(387,'Rotation B',5.9,NULL,'2017-04-02 07:59:37','2017-04-02 07:59:37'),(388,'Rotation C',9.7,NULL,'2017-04-02 07:59:37','2017-04-02 07:59:37'),(389,'Rotation A',9.1,NULL,'2017-04-02 07:59:37','2017-04-02 07:59:37'),(390,'Rotation B',11,NULL,'2017-04-02 07:59:37','2017-04-02 07:59:37'),(391,'Rotation B',6.3,NULL,'2017-04-02 07:59:37','2017-04-02 07:59:37'),(392,'Rotation C',9.7,NULL,'2017-04-02 07:59:37','2017-04-02 07:59:37'),(393,'Rotation A',9.1,NULL,'2017-04-02 07:59:37','2017-04-02 07:59:37'),(394,'Rotation B',6.3,NULL,'2017-04-02 07:59:37','2017-04-02 07:59:37'),(395,'Rotation C',13,NULL,'2017-04-02 07:59:37','2017-04-02 07:59:37'),(396,'Rotation B',6.3,NULL,'2017-04-02 07:59:37','2017-04-02 07:59:37'),(397,'Rotation C',9.7,NULL,'2017-04-02 07:59:37','2017-04-02 07:59:37'),(398,'Rotation B',13,NULL,'2017-04-02 07:59:37','2017-04-02 07:59:37'),(399,'Rotation B',6.3,NULL,'2017-04-02 07:59:37','2017-04-02 07:59:37'),(400,'Rotation C',9.7,NULL,'2017-04-02 07:59:37','2017-04-02 07:59:37'),(401,'Rotation B',13,NULL,'2017-04-02 07:59:37','2017-04-02 07:59:37'),(402,'Rotation C',1.8,NULL,'2017-04-02 07:59:37','2017-04-02 07:59:37'),(403,'Rotation A',9.1,NULL,'2017-04-02 07:59:37','2017-04-02 07:59:37'),(404,'Rotation B',5.9,NULL,'2017-04-02 07:59:37','2017-04-02 07:59:37'),(405,'Rotation C',9.7,NULL,'2017-04-02 07:59:37','2017-04-02 07:59:37'),(406,'Rotation A',9.1,NULL,'2017-04-02 07:59:37','2017-04-02 07:59:37'),(407,'Rotation B',11,NULL,'2017-04-02 07:59:37','2017-04-02 07:59:37'),(408,'Rotation B',6.3,NULL,'2017-04-02 07:59:37','2017-04-02 07:59:37'),(409,'Rotation C',9.7,NULL,'2017-04-02 07:59:37','2017-04-02 07:59:37'),(410,'Rotation A',9.1,NULL,'2017-04-02 07:59:37','2017-04-02 07:59:37'),(411,'Rotation B',6.3,NULL,'2017-04-02 07:59:37','2017-04-02 07:59:37'),(412,'Rotation C',13,NULL,'2017-04-02 07:59:37','2017-04-02 07:59:37'),(413,'Rotation C',1.8,NULL,'2017-04-02 07:59:37','2017-04-02 07:59:37'),(414,'Rotation B',6.3,NULL,'2017-04-02 07:59:37','2017-04-02 07:59:37'),(415,'Rotation C',9.7,NULL,'2017-04-02 07:59:37','2017-04-02 07:59:37'),(416,'Rotation B',13,NULL,'2017-04-02 07:59:37','2017-04-02 07:59:37'),(417,'Rotation B',6.3,NULL,'2017-04-02 07:59:38','2017-04-02 07:59:38'),(418,'Rotation C',9.7,NULL,'2017-04-02 07:59:38','2017-04-02 07:59:38'),(419,'Rotation B',13,NULL,'2017-04-02 07:59:38','2017-04-02 07:59:38');
/*!40000 ALTER TABLE `rotations` ENABLE KEYS */;
UNLOCK TABLES;

--
-- Table structure for table `sources`
--

DROP TABLE IF EXISTS `sources`;
/*!40101 SET @saved_cs_client     = @@character_set_client */;
/*!40101 SET character_set_client = utf8 */;
CREATE TABLE `sources` (
  `id` int(11) NOT NULL AUTO_INCREMENT,
  `name` varchar(45) NOT NULL,
  `created_at` timestamp NULL DEFAULT CURRENT_TIMESTAMP,
  `updated_at` timestamp NULL DEFAULT CURRENT_TIMESTAMP,
  PRIMARY KEY (`id`),
  UNIQUE KEY `id_UNIQUE` (`id`)
) ENGINE=InnoDB AUTO_INCREMENT=27 DEFAULT CHARSET=utf8;
/*!40101 SET character_set_client = @saved_cs_client */;

--
-- Dumping data for table `sources`
--

LOCK TABLES `sources` WRITE;
/*!40000 ALTER TABLE `sources` DISABLE KEYS */;
INSERT INTO `sources` VALUES (1,'Capture','2017-04-02 07:59:28','2017-04-02 07:59:28'),(2,'AW Defense (Easy)','2017-04-02 07:59:28','2017-04-02 07:59:28'),(3,'DS Defense','2017-04-02 07:59:28','2017-04-02 07:59:28'),(4,'Defense (Easy)','2017-04-02 07:59:28','2017-04-02 07:59:28'),(5,'Derelict Defense','2017-04-02 07:59:28','2017-04-02 07:59:28'),(6,'Derelict Survival','2017-04-02 07:59:28','2017-04-02 07:59:28'),(7,'Excavation (Easy)','2017-04-02 07:59:28','2017-04-02 07:59:28'),(8,'Intercept (Easy)','2017-04-02 07:59:29','2017-04-02 07:59:29'),(9,'Infested','2017-04-02 07:59:29','2017-04-02 07:59:29'),(10,'DS Survival (Easy)','2017-04-02 07:59:29','2017-04-02 07:59:29'),(11,'Survival (Easy)','2017-04-02 07:59:29','2017-04-02 07:59:29'),(12,'Pursuit','2017-04-02 07:59:29','2017-04-02 07:59:29'),(13,'Defense (Medium)','2017-04-02 07:59:29','2017-04-02 07:59:29'),(14,'Excavation (Medium)','2017-04-02 07:59:29','2017-04-02 07:59:29'),(15,'Intercept (Medium)','2017-04-02 07:59:29','2017-04-02 07:59:29'),(16,'DS Survival (Medium)','2017-04-02 07:59:29','2017-04-02 07:59:29'),(17,'Survival (Medium)','2017-04-02 07:59:29','2017-04-02 07:59:29'),(18,'Defense (Hard)','2017-04-02 07:59:29','2017-04-02 07:59:29'),(19,'Infested Salvage','2017-04-02 07:59:29','2017-04-02 07:59:29'),(20,'Excavation (Hard)','2017-04-02 07:59:29','2017-04-02 07:59:29'),(21,'AW Intercept (Hard)','2017-04-02 07:59:29','2017-04-02 07:59:29'),(22,'Intercept (Hard)','2017-04-02 07:59:29','2017-04-02 07:59:29'),(23,'DS Survival (Hard)','2017-04-02 07:59:29','2017-04-02 07:59:29'),(24,'DS Survival (Ultra)','2017-04-02 07:59:29','2017-04-02 07:59:29'),(25,'Survival (Hard)','2017-04-02 07:59:29','2017-04-02 07:59:29'),(26,'Survival (Ultra)','2017-04-02 07:59:29','2017-04-02 07:59:29');
/*!40000 ALTER TABLE `sources` ENABLE KEYS */;
UNLOCK TABLES;
/*!40103 SET TIME_ZONE=@OLD_TIME_ZONE */;

/*!40101 SET SQL_MODE=@OLD_SQL_MODE */;
/*!40014 SET FOREIGN_KEY_CHECKS=@OLD_FOREIGN_KEY_CHECKS */;
/*!40014 SET UNIQUE_CHECKS=@OLD_UNIQUE_CHECKS */;
/*!40101 SET CHARACTER_SET_CLIENT=@OLD_CHARACTER_SET_CLIENT */;
/*!40101 SET CHARACTER_SET_RESULTS=@OLD_CHARACTER_SET_RESULTS */;
/*!40101 SET COLLATION_CONNECTION=@OLD_COLLATION_CONNECTION */;
/*!40111 SET SQL_NOTES=@OLD_SQL_NOTES */;

-- Dump completed on 2017-04-02 13:02:45
